path,sha256,size_bytes
.codex/agents/00-orchestrator.toml,fa6df112c0bc6ace4f049e8610cb65abd7832336ce93c21c469c4623210d8cd7,26239
.codex/agents/01-code-explorer.toml,294b09ccde83c043d8fb77161e6da0f5992f9c94bfae1e4cac099091cb8f60ef,25498
.codex/agents/02-requirements-traceability.toml,789d5bf1a17569b937b405dd35621c7ce9f1c99b5dc5098bddf3c3fab9ef09b1,25974
.codex/agents/03-architecture.toml,5beabea06447d1134ce23589107d39753084bc44e09c4c6a4bcd4393021415b5,26333
.codex/agents/04-ux-operations.toml,410fb244ade9f5f941e3a13fe13c556159cb72cefed3d398d6a8d9efe811ca99,25987
.codex/agents/05-domain-model.toml,ab18e87d4ab0ea1323a06c21784ae92aaa1f0b75e34f055942229639c5773edc,25912
.codex/agents/06-database.toml,67b954c63b748a02c8a591bb62f5dd88de7207e2da7f1bdb9c31df7c86aa3999,25996
.codex/agents/07-api-integration.toml,9ae218dd3b50c0951ac0b4fcfefa666955e74b17c79757e4158d624bf04b724d,25822
.codex/agents/08-security.toml,5c00d47065605c03550415d04abc809e13f536b0c8e65f2d3cb63342650599fd,26263
.codex/agents/09-testing-quality.toml,edfbf2f9aedb107b61a7a460cf7bff52ace6ccac55ba593b3e7480df3bf898bf,25953
.codex/agents/10-comex.toml,56b7611b619fa673568f55fa0f78486110a04d36e6a7cfe35508455bf23cabea,26771
.codex/agents/11-landed-cost.toml,167359e5c06314732a089abee9ecf35dc7f8b535cc7a42f0d1b3528977d13d54,26117
.codex/agents/12-fiscal.toml,740b50b2c98e3a9b183f13ad387ecb00d72809b76baa167d6e53a67a55c397f6,26604
.codex/agents/13-accounting.toml,7fde8fec5689026ef0b032b1eabc1d6c25546d28446a46b3ab3f7bae85cb765e,26633
.codex/agents/14-inventory-treasury.toml,505b79d60fc1506ae64b8f8106bfa230fe6ce9047a8e0e76ea56b17ac65c6b40,27008
.codex/agents/15-commercial.toml,2fd4109d7430042d73387f29b8c8b34a87751211e0b84b9630fca5bf0ad8bacb,27198
.codex/agents/16-procurement-crm.toml,d5190e8ca07fc95c2416f2e0a099cf17afa1c7f9e94f4fd491f182f17adf3779,27587
.codex/agents/17-platform-devops.toml,b6d3ec2ad6211acb51ed5d402ca85d417fd77d382a9f270d8860cfb80e2b7861,27436
.codex/agents/18-migration-release.toml,27be37fdd31279522cddc4bb6c9ca396ceb56bb0d6640fd08320af69ec970d91,26738
.codex/agents/19-pr-reviewer.toml,2d16d0b8da2d2f22d22376f0c1c67f72864db97193fd65682f4f90da719f2482,26062
.codex/agents/20-contradiction-researcher.toml,96a4682a300b93e192b03fb21b2f976eca3ba2a3712d70145ab6616b20de400f,25929
.codex/config.toml,5ba6dda1a13a5823a40fad72b0861c917e516906a2fbbc11a9e87e7ec42a67e6,574
.codex/hooks/block_dangerous_commands.py,edd727ac3064685fa2aab0a99fa8ccd45d26e4283c4777fb535bb2202c397175,686
.codex/hooks/block_secrets.py,7ea87e1fbe8094d5bac2d9be4067585b2e39ebf66d608d8c94aadbb2605b856a,575
.codex/hooks/session_context.py,df9c8b4a660dce8c18e27422a6ff23d33924bab0bed126e17fa8d3028ab6e5b4,561
.codex/hooks/subagent_context.py,cc6782d37ebe6ea8c698bd4544985ad2f2d01df51539c9508e692d6db2008548,438
.codex/hooks.json,0da0b8dd233be50b069c42d882428440e39835b3f9ee46f91d638ae011733507,1689
.codex/rules/default.rules,dd4c06549c49bf55f42500aad2ad1fe4a28897c90ac23a7fbb72890f016c4349,1917
.editorconfig,a6b98ea7cb6d61ed8d430dd0dffa46c87012b5cf859d4ce7207898954951fdcd,188
.env.example,135efb46496c0f0411b719de535aaa4fb0fc7be577aca1599b103cc0fc6811fa,361
.github/CODEOWNERS,9f5e8a2dc6fbba4495ffb0bd9a0391a9fb6210ba30bb23dd191c0ee1169966e2,113
.github/PULL_REQUEST_TEMPLATE.md,7a2726ae5741418dd00e4af6235f073ed9a1f9364315ae25bd97dd43a2c404c6,537
.github/workflows/spec-validation.yml,ec556e6787ceb0df563b2de42bf9bd23a31d4275bfe95e7c33e5d9f5f4a06b5e,300
.gitignore,4ef362680fa42901a0eda714646596a81b1de754ece28d51e5dfdfe85064f524,157
00_START_HERE.md,06d50eab80cb094e007d5767e42a5bbb3b63a782ef3bc4438bd4f7528d55c812,1993
AGENTS.md,82a67c840afa1a6f63e4769b65187fab48469c669a53d807af675069010a350c,20303
AGENT_PACK_MANIFEST.json,4db83f226e2238d20df582b5f6d68610e5e3e62d8c371217ef34ec750cb431f5,7314
AGENT_PACK_VALIDATION.json,06581cdd84567b933de331afff871273be244f56d5d527bdb9576670ea3f0e33,4534
BLUEPRINT_MANIFEST.json,ed32b1cf0810b7c135743fd59116f75c5cf21d07148ffa8a4ecd7086646d402e,1004
README.md,c48e28c19cc8a55de921184da59422fe6593eb6ca25daa277a5acead82cbd31c,1060
VALIDATION_BLUEPRINT_v3.0.0.md,69b23d8150bf38c7d08791432b582d02a9714492acfdad690e68e40fdc590f6c,64
VALIDATION_BLUEPRINT_v4.0.0.md,2f5864b1f162ad328b101258d4fbd6a6edd79582c8d0e753370d7749d9945713,903
VALIDATION_REPORT.json,b14dde74920d4f9250b7ef62aed540534ca2ce6c35839d2f2be399942143afd7,285
VALIDATION_REPORT.md,74d338a6f287059645a9365eaea12fa85f784887dc12b65e47c1ce630feb5b64,547
apps/api/AGENTS.md,9731c98d2010ff6bacbb5afde56bd011c3c29430044033664bbb2c4401bd5c0a,14964
apps/api/README.md,2fa9e4c81ceb2721d0a2cbffed37c860fbb66376b60f210aa1d3adedf1175047,75
apps/desktop/AGENTS.md,39e531eb69fc1c22bab9699432b64f1c740432facfd3d92097c63dfdff9afc07,14967
apps/desktop/README.md,aaf38a711f49051da1b84797918cffef247264a34687d14c52d9d2e24019fc78,93
apps/web/AGENTS.md,167171d50b9827b679cb351373001670e5a73f9dc450ecc3f1793271ee4b26f5,14911
apps/web/README.md,5012fe6279a1e12a4e7e2c3ccde06180bf0af6b4335380248d3a925cc92cc499,78
apps/worker/AGENTS.md,09cc1bc49809ee6b7b42b73de44d72faea8d3cf27f869211300f2ee265b655ce,14803
apps/worker/README.md,02a8813b3dea955859525b78a80330d32dfcdd22fa7d219e7bdd8a7c9a862574,108
docs/AGENTS.md,b3be6f2d7cf0d4b438246434f5c1e8a9117e067b5730fa88953e8e4727b3e7ab,14752
docs/adr/ADR_TEMPLATE.md,f3394ff3750b556ccc45ec0e87c29cd87eb94663e44d681b5322e5aed691b5dd,291
docs/agents/00_AGENT_SYSTEM_OVERVIEW.md,226964b35b3d412ffd5eead09482df9ca4f48b255d66fe1134d530603f461a7a,2200
docs/agents/01_AGENT_ROUTING_MATRIX.md,b72cbef784c6a3b10480b2636d7554ece05de330e6d8acf3d4a54a59fd406b78,1713
docs/agents/02_HANDOFF_PROTOCOL.md,cb242226e67ddb495d1a4f111b40ca70bbb1bd623e289e47d8db2ff35866b1a6,989
docs/agents/03_EVIDENCE_AND_SOURCE_POLICY.md,f1f18840979cefb5cb05ea6f79ee4913e7a22382c4194a40ed9b50e6548280c3,940
docs/agents/04_AGENT_ACCEPTANCE_TESTS.md,e8a2f3e86f5aef850d2e9a52fef02d061e72a9d27af4c7dbd8dababced7ae450,1037
docs/agents/AGENT_INDEX.csv,e0675e8797838d05f1b3f907da333b552520cfe21e03532f8c942d9757140151,2981
docs/agents/SOURCE_BASIS.md,cf552ac6ddb1837fb3fa6f55ffd0a82271209d3380321713fc7237340c4359a3,3393
docs/blueprint-accepted/SUNSET_ERP_CLEAN_SLATE_v1.12.0_ACCEPTED/00-governanca/18_BASELINE_ERP_EXPRESS_P0.md,96670cce1e6c544799309f53263b5057d8abc497ed364c6e72c10158314e0ee0,1888
docs/blueprint-accepted/SUNSET_ERP_CLEAN_SLATE_v1.12.0_ACCEPTED/00-governanca/19_STATUS_PRE_DESENVOLVIMENTO.md,6f2a7b3fd1e7b09099b09a8f0f85d71edfa7bd85d00675996701adb673770168,804
docs/blueprint-accepted/SUNSET_ERP_CLEAN_SLATE_v1.12.0_ACCEPTED/00-governanca/20_CONFIRMACAO_P0_TECNICO_E_ESCOPO_TOTAL.md,d6a786d97de6ae24e1adc2668e0c523e67e151ba53c9a8cdc65be11e1ff3d3d2,1819
docs/blueprint-accepted/SUNSET_ERP_CLEAN_SLATE_v1.12.0_ACCEPTED/00-governanca/21_ESTRATEGIA_EXECUCAO_PARALELA.md,5acd77a1d243280b43a42a23a5f14e8457fcf3324cb2e0ad4b517c88354112a2,2426
docs/blueprint-accepted/SUNSET_ERP_CLEAN_SLATE_v1.12.0_ACCEPTED/00-governanca/22_STATUS_BUILD_START_TODOS_MODULOS.md,72727d91f6e48225fbdbc7971fa5fe36643aefabf75a7db9e62a6787646ac5d6,850
docs/blueprint-accepted/SUNSET_ERP_CLEAN_SLATE_v1.12.0_ACCEPTED/00-governanca/23_METODO_500_PERGUNTAS_POR_PR_UX.md,62921eb61f2effc30bc53ab77fb18fa4a662804e8b2cd3e4413b97d18baeea70,1586
docs/blueprint-accepted/SUNSET_ERP_CLEAN_SLATE_v1.12.0_ACCEPTED/00-governanca/24_VALIDACAO_500_PERGUNTAS.md,7c4e996fb2792fa2f80200d154e858f9bd17c68ac54f14eb9b10dc8b723cd346,532
docs/blueprint-accepted/SUNSET_ERP_CLEAN_SLATE_v1.12.0_ACCEPTED/04-roadmap/06_ROADMAP_ACELERADO_TODOS_MODULOS.md,e4a2256b2e5e5286142aa9e47924cc807ec691f9469043fe4ba63f7a5fc3d5d1,1716
docs/blueprint-accepted/SUNSET_ERP_CLEAN_SLATE_v1.12.0_ACCEPTED/04-roadmap/07_MAPA_65_PRS_500_PERGUNTAS.md,429aacd54f565d4dd6d2bd02631c6ce02f543f66621dbbd19155d79a66856976,6531
docs/blueprint-accepted/SUNSET_ERP_CLEAN_SLATE_v1.12.0_ACCEPTED/05-questionarios/00_ERP_EXPRESS_P0_72_PERGUNTAS.md,0031695a66fa049a4d4b638990c8228bffa87e350a55514a99d01c4534e79f08,37950
docs/blueprint-accepted/SUNSET_ERP_CLEAN_SLATE_v1.12.0_ACCEPTED/05-questionarios/01_TEMPLATE_RESPOSTA_RAPIDA.md,073e0c95ce72bbaec2c454c25c5c616b29579febc4e2cb94a11f478d6373c6ea,1384
docs/blueprint-accepted/SUNSET_ERP_CLEAN_SLATE_v1.12.0_ACCEPTED/05-questionarios/02A_P0_ARQUITETURA_TECNICA_30_DECISOES.md,3337fbe4c011df707fe6661ef5269e8d91d99e616262f19313e4732aecb9b59c,16215
docs/blueprint-accepted/SUNSET_ERP_CLEAN_SLATE_v1.12.0_ACCEPTED/05-questionarios/02B_P0_QUALIDADE_ENTREGA_10_DECISOES.md,484592f4dc44ca23b28861e9e38cc3c3a03386de8abd771b609cf83dcfb7a2aa,5334
docs/blueprint-accepted/SUNSET_ERP_CLEAN_SLATE_v1.12.0_ACCEPTED/05-questionarios/02C_P0_COMEX_IMPLEMENTACAO_15_DECISOES.md,4976f0d84057d53e285a53cda7896d2867dd369ef4d942e37e0f13c6c4f4547c,8576
docs/blueprint-accepted/SUNSET_ERP_CLEAN_SLATE_v1.12.0_ACCEPTED/05-questionarios/02_P0_IMEDIATO_55_DECISOES.md,58656db4b49a1bfefd5caaf082485dd2aa38b82d0667568099d10390d047138a,31365
docs/blueprint-accepted/SUNSET_ERP_CLEAN_SLATE_v1.12.0_ACCEPTED/05-questionarios/03A_MASTER_COMPLETO_500_PERGUNTAS.md,b1164e05d6238b4be17b5ff52d866ec213bd933b631998341172d2625711b692,624229
docs/blueprint-accepted/SUNSET_ERP_CLEAN_SLATE_v1.12.0_ACCEPTED/05-questionarios/03_MASTER_500_PERGUNTAS_MODULOS_PRS_UX.md,1000f008721d3fee46b429d165e0bb6dfa8074ef6f76e013056e72db740d211d,2240
docs/blueprint-accepted/SUNSET_ERP_CLEAN_SLATE_v1.12.0_ACCEPTED/05-questionarios/04-500-perguntas-modulos-prs/00_REGISTRO_FONTES.md,d740e768b9f2fbe459a6e57bf7b1faf04116852e9e331f23a5e83a8704e4c9ae,3882
docs/blueprint-accepted/SUNSET_ERP_CLEAN_SLATE_v1.12.0_ACCEPTED/05-questionarios/04-500-perguntas-modulos-prs/01_CATALOGO_LAYOUTS.md,ac9da05076bd8dd9b26969b0517fae04c2884d85f322f0c534793a42f5d8cedb,2483
docs/blueprint-accepted/SUNSET_ERP_CLEAN_SLATE_v1.12.0_ACCEPTED/05-questionarios/04-500-perguntas-modulos-prs/01_COMEX_50_PERGUNTAS.md,129118155f5a33292e32613654a43297a7350a316778651be76bc9bb1aa20ee6,62967
docs/blueprint-accepted/SUNSET_ERP_CLEAN_SLATE_v1.12.0_ACCEPTED/05-questionarios/04-500-perguntas-modulos-prs/02_LANDED_40_PERGUNTAS.md,4db763050c1866bd13572b3148e7e37c641248a33152edd3fc5c14fc786ed3fe,49162
docs/blueprint-accepted/SUNSET_ERP_CLEAN_SLATE_v1.12.0_ACCEPTED/05-questionarios/04-500-perguntas-modulos-prs/03_FISCAL_45_PERGUNTAS.md,62207f1e6ad459e7f24176a505398bc2960a8753455442913831e6e8803dbbc3,55416
docs/blueprint-accepted/SUNSET_ERP_CLEAN_SLATE_v1.12.0_ACCEPTED/05-questionarios/04-500-perguntas-modulos-prs/04_ACCOUNTING_45_PERGUNTAS.md,4a556211d4044dd62324899f76f80299b90a41a14d32d45be75cea04a13ba6fa,55472
docs/blueprint-accepted/SUNSET_ERP_CLEAN_SLATE_v1.12.0_ACCEPTED/05-questionarios/04-500-perguntas-modulos-prs/05_INVENTORY_40_PERGUNTAS.md,168629d63ff2447a3e32854c9f9fe66c976b7bc79ad3d2d424ea965c3a798a60,49694
docs/blueprint-accepted/SUNSET_ERP_CLEAN_SLATE_v1.12.0_ACCEPTED/05-questionarios/04-500-perguntas-modulos-prs/06_TREASURY_45_PERGUNTAS.md,b113f0e6eba3974fcfa50375b5a86693800b16f9aaa3e161e27b10c8482e874b,55617
docs/blueprint-accepted/SUNSET_ERP_CLEAN_SLATE_v1.12.0_ACCEPTED/05-questionarios/04-500-perguntas-modulos-prs/07_SALES_45_PERGUNTAS.md,5be40016118415d7f5fc58b7ef2fb8eb0d917ce70c6fb0b472d5c1ff9c2a64d5,55198
docs/blueprint-accepted/SUNSET_ERP_CLEAN_SLATE_v1.12.0_ACCEPTED/05-questionarios/04-500-perguntas-modulos-prs/08_PURCHASING_35_PERGUNTAS.md,e33fbb534f4b4be788e2fde04b309c10ae209691af49ae22c306939004a31cc8,43992
docs/blueprint-accepted/SUNSET_ERP_CLEAN_SLATE_v1.12.0_ACCEPTED/05-questionarios/04-500-perguntas-modulos-prs/09_CRM_35_PERGUNTAS.md,1e4a3b183f2a2b6c645a2af2474e9a48f1aaad17e4fe58e47380ca4bf422ea70,42402
docs/blueprint-accepted/SUNSET_ERP_CLEAN_SLATE_v1.12.0_ACCEPTED/05-questionarios/04-500-perguntas-modulos-prs/10_CLOSE_30_PERGUNTAS.md,31384300ae736b4851958b26ede734dc013831b58aece8bab7d395c6705cf636,37292
docs/blueprint-accepted/SUNSET_ERP_CLEAN_SLATE_v1.12.0_ACCEPTED/05-questionarios/04-500-perguntas-modulos-prs/11_PLATFORM_45_PERGUNTAS.md,a4803cf3f3b41a284a39c96eefb561f3a555ef175853e29a3e9be63a8cc0670e,55884
docs/blueprint-accepted/SUNSET_ERP_CLEAN_SLATE_v1.12.0_ACCEPTED/05-questionarios/04-500-perguntas-modulos-prs/12_COMP_25_PERGUNTAS.md,c1aff418ddb73b5d0b0cdfe26b1dea9c75498670f28865fa79c5e61fd9c954cf,30981
docs/blueprint-accepted/SUNSET_ERP_CLEAN_SLATE_v1.12.0_ACCEPTED/05-questionarios/04-500-perguntas-modulos-prs/13_QA_20_PERGUNTAS.md,357c3986d49409ec62718fbb599996dc87006725fda48c8db24fd55b16b979d9,25198
docs/blueprint-accepted/SUNSET_ERP_CLEAN_SLATE_v1.12.0_ACCEPTED/05-questionarios/04-500-perguntas-modulos-prs/QUESTOES_500.json,07301fe67c24087f986f1940b2009419a3789cb8baa84d82537bf5cc93725fde,656495
docs/blueprint-accepted/SUNSET_ERP_CLEAN_SLATE_v1.12.0_ACCEPTED/05-questionarios/05-corpus-71500/00_FONTES_E_PRINCIPIOS.md,e14c1d8f4af4b932645f85b3c4367d5b211426d998b65ff14f03f613e545b98e,4517
docs/blueprint-accepted/SUNSET_ERP_CLEAN_SLATE_v1.12.0_ACCEPTED/05-questionarios/05-corpus-71500/01-modulos/ACCOUNTING/M-ACCOUNTING_500_PERGUNTAS.md,b0e03833c47f991eb63d6ea63cdeea8e030abcc4256b9f6dcdb71e9b37ab3626,991569
docs/blueprint-accepted/SUNSET_ERP_CLEAN_SLATE_v1.12.0_ACCEPTED/05-questionarios/05-corpus-71500/01-modulos/CLOSE/M-CLOSE_500_PERGUNTAS.md,4e03f7989e252f68017ab10a9347c77b38bff528e7861d87ea382ef70d4b5a08,979553
docs/blueprint-accepted/SUNSET_ERP_CLEAN_SLATE_v1.12.0_ACCEPTED/05-questionarios/05-corpus-71500/01-modulos/COMEX/M-COMEX_500_PERGUNTAS.md,52782945eae078a349bd92fae655221e7b22d92f5aad58abeac46d04fa65362e,966066
docs/blueprint-accepted/SUNSET_ERP_CLEAN_SLATE_v1.12.0_ACCEPTED/05-questionarios/05-corpus-71500/01-modulos/COMP/M-COMP_500_PERGUNTAS.md,6d1c962c640d014d9bc55831af57587e12a636cd96a18585ef069ceadff25a86,972976
docs/blueprint-accepted/SUNSET_ERP_CLEAN_SLATE_v1.12.0_ACCEPTED/05-questionarios/05-corpus-71500/01-modulos/CRM/M-CRM_500_PERGUNTAS.md,06e05c50b59875ab8e7694784df18db190868295a5438404fb6eb8dcea4675d1,950160
docs/blueprint-accepted/SUNSET_ERP_CLEAN_SLATE_v1.12.0_ACCEPTED/05-questionarios/05-corpus-71500/01-modulos/FISCAL/M-FISCAL_500_PERGUNTAS.md,5b996abf4f0918e6f291d6bc7c072080a7f47ae26d6112f2e8f604d4f6180cd0,956723
docs/blueprint-accepted/SUNSET_ERP_CLEAN_SLATE_v1.12.0_ACCEPTED/05-questionarios/05-corpus-71500/01-modulos/INVENTORY/M-INVENTORY_500_PERGUNTAS.md,075b85d1e528a870b972fa3cab6cef89dc3bfa53d30f03d8e58af41d56197079,955512
docs/blueprint-accepted/SUNSET_ERP_CLEAN_SLATE_v1.12.0_ACCEPTED/05-questionarios/05-corpus-71500/01-modulos/LANDED/M-LANDED_500_PERGUNTAS.md,06b9394a3283ee173cf9fbf724164eb1f2d7067350b98d55a165a9c6556fa0dd,963660
docs/blueprint-accepted/SUNSET_ERP_CLEAN_SLATE_v1.12.0_ACCEPTED/05-questionarios/05-corpus-71500/01-modulos/PLATFORM/M-PLATFORM_500_PERGUNTAS.md,7f1abfdba25cb6a446468e612d35ae4ce9d670daf25e5833e8358fe136983a38,972366
docs/blueprint-accepted/SUNSET_ERP_CLEAN_SLATE_v1.12.0_ACCEPTED/05-questionarios/05-corpus-71500/01-modulos/PURCHASING/M-PURCHASING_500_PERGUNTAS.md,25cb831668147d59c7fa553c42a2257ed29d8dfa6ed0d0703e6d075cdb495bbe,962812
docs/blueprint-accepted/SUNSET_ERP_CLEAN_SLATE_v1.12.0_ACCEPTED/05-questionarios/05-corpus-71500/01-modulos/QA/M-QA_500_PERGUNTAS.md,31abc68e34727a189116a6719f93fa2e7e036dd784ea49b1e3624ec8d849d786,989461
docs/blueprint-accepted/SUNSET_ERP_CLEAN_SLATE_v1.12.0_ACCEPTED/05-questionarios/05-corpus-71500/01-modulos/SALES/M-SALES_500_PERGUNTAS.md,a2128ad2ea82adbb50d5273082b6263bc8d4f30a4a1e541f07097822161f6c26,962777
docs/blueprint-accepted/SUNSET_ERP_CLEAN_SLATE_v1.12.0_ACCEPTED/05-questionarios/05-corpus-71500/01-modulos/TREASURY/M-TREASURY_500_PERGUNTAS.md,0c2fe9d4ddf150583d85538d7764ff0d9b262ab0596939e160e28db8c2ffc035,982645
docs/blueprint-accepted/SUNSET_ERP_CLEAN_SLATE_v1.12.0_ACCEPTED/05-questionarios/05-corpus-71500/01_CATALOGO_LAYOUTS_ERP_DENSO.md,cc5789d496bd099f16b36e5828a9968039225584d6f6431ac0bb41d3a20cb5f4,3540
docs/blueprint-accepted/SUNSET_ERP_CLEAN_SLATE_v1.12.0_ACCEPTED/05-questionarios/05-corpus-71500/02-submodulos/ACCOUNTING/SM-ACCOUNTING-01_PLANO_DE_CONTAS_E_DIMENSOES_500_PERGUNTAS.md,828cc4691c6888f059846f6912611c5798f55c1cd1a80d42548b0d2d3d9b822e,975066
docs/blueprint-accepted/SUNSET_ERP_CLEAN_SLATE_v1.12.0_ACCEPTED/05-questionarios/05-corpus-71500/02-submodulos/ACCOUNTING/SM-ACCOUNTING-02_MOTOR_DE_LANCAMENTOS_E_JOURNALS_500_PERGUNTAS.md,5a9b4559dfbd6ef7c2a302399deb1f6f91b5e2c4ab2a92d88ed9ff469862afca,980080
docs/blueprint-accepted/SUNSET_ERP_CLEAN_SLATE_v1.12.0_ACCEPTED/05-questionarios/05-corpus-71500/02-submodulos/ACCOUNTING/SM-ACCOUNTING-03_MOEDAS_E_DIFERENCAS_CAMBIAIS_500_PERGUNTAS.md,f525dd210afce5a8cfc298bac6b9c4857dbb7a004dc6db407269e12b3697a9aa,978073
docs/blueprint-accepted/SUNSET_ERP_CLEAN_SLATE_v1.12.0_ACCEPTED/05-questionarios/05-corpus-71500/02-submodulos/ACCOUNTING/SM-ACCOUNTING-04_LIVROS_PERIODOS_E_CONTROLES_500_PERGUNTAS.md,8fbb93cefa9966ea115ef827ab50b5d4b889da01fbe58e1407d7fd6a82e12a89,977071
docs/blueprint-accepted/SUNSET_ERP_CLEAN_SLATE_v1.12.0_ACCEPTED/05-questionarios/05-corpus-71500/02-submodulos/ACCOUNTING/SM-ACCOUNTING-05_RAZAO_BALANCO_DRE_E_DRILL_DOWN_500_PERGUNTAS.md,15b33d38359822360474a94c2ca62b2f8a348c5886ecfbc32874a6c0f96b7dd2,980583
docs/blueprint-accepted/SUNSET_ERP_CLEAN_SLATE_v1.12.0_ACCEPTED/05-questionarios/05-corpus-71500/02-submodulos/CLOSE/SM-CLOSE-01_CALENDARIO_E_TAREFAS_DE_FECHAMENTO_500_PERGUNTAS.md,a6634643a312610b91c6d12ba8e9fd68cde6424431496e42340540ac66b222fd,970063
docs/blueprint-accepted/SUNSET_ERP_CLEAN_SLATE_v1.12.0_ACCEPTED/05-questionarios/05-corpus-71500/02-submodulos/CLOSE/SM-CLOSE-02_RECONCILIACAO_DE_SUBLEDGERS_500_PERGUNTAS.md,230f4c7b212e9cb3e331d0659f2cc69e4f223577ae6c985b92bf9f35199ae006,969556
docs/blueprint-accepted/SUNSET_ERP_CLEAN_SLATE_v1.12.0_ACCEPTED/05-questionarios/05-corpus-71500/02-submodulos/CLOSE/SM-CLOSE-03_PROVISOES_ACCRUALS_E_CAMBIO_500_PERGUNTAS.md,e1f00660d2af8b85f9da89954784707e4599ba949e4d7683646ae3eae84e83c6,967553
docs/blueprint-accepted/SUNSET_ERP_CLEAN_SLATE_v1.12.0_ACCEPTED/05-questionarios/05-corpus-71500/02-submodulos/CLOSE/SM-CLOSE-04_DEMONSTRACOES_E_PACOTE_GERENCIAL_500_PERGUNTAS.md,30a92bffbe513448ecd95d7a8ccfe40cfe3385610ce1746e28615bb56eeac629,969561
docs/blueprint-accepted/SUNSET_ERP_CLEAN_SLATE_v1.12.0_ACCEPTED/05-questionarios/05-corpus-71500/02-submodulos/CLOSE/SM-CLOSE-05_REABERTURA_AUDITORIA_E_COCKPIT_500_PERGUNTAS.md,dd59d7c1bcbcb13209db8b99b6d298c1cccbb5407b6f30570f275bfa382f2543,966051
docs/blueprint-accepted/SUNSET_ERP_CLEAN_SLATE_v1.12.0_ACCEPTED/05-questionarios/05-corpus-71500/02-submodulos/COMEX/SM-COMEX-01_PEDIDO_INTERNACIONAL_E_PRODUCAO_500_PERGUNTAS.md,1c229c44cc14e20a2a336b334d3771ef679c96ed5c4be40beaa3c33603787b5d,971631
docs/blueprint-accepted/SUNSET_ERP_CLEAN_SLATE_v1.12.0_ACCEPTED/05-questionarios/05-corpus-71500/02-submodulos/COMEX/SM-COMEX-02_EMBARQUE_BOOKING_BL_E_CONTEINER_500_PERGUNTAS.md,81022bb75a17d8ae6bf65709709ada158b9e55b3728f52bf3e4b5e77b54496a8,966121
docs/blueprint-accepted/SUNSET_ERP_CLEAN_SLATE_v1.12.0_ACCEPTED/05-questionarios/05-corpus-71500/02-submodulos/COMEX/SM-COMEX-03_DESPACHO_E_REGIMES_ADUANEIROS_500_PERGUNTAS.md,bc2786b1b562d5dee8b6b725cfd871cfcd86be925b592951e958d1519a782c1d,968621
docs/blueprint-accepted/SUNSET_ERP_CLEAN_SLATE_v1.12.0_ACCEPTED/05-questionarios/05-corpus-71500/02-submodulos/COMEX/SM-COMEX-04_DOCUMENTOS_OCR_OCORRENCIAS_E_PRAZOS_500_PERGUNTAS.md,f68292c3fa6a4b168fd20de9f01025b6036d967284a7c3cfb0292ee9a4cf1068,973139
docs/blueprint-accepted/SUNSET_ERP_CLEAN_SLATE_v1.12.0_ACCEPTED/05-questionarios/05-corpus-71500/02-submodulos/COMEX/SM-COMEX-05_RECEBIMENTO_DEVOLUCAO_E_FECHAMENTO_500_PERGUNTAS.md,43f8ae3bce8beedd908230f39587d97091802f4d0b0060f666aee341b0256a4c,975643
docs/blueprint-accepted/SUNSET_ERP_CLEAN_SLATE_v1.12.0_ACCEPTED/05-questionarios/05-corpus-71500/02-submodulos/COMP/SM-COMP-01_QUALIDADE_E_CERTIFICACOES_500_PERGUNTAS.md,230917d5a42dfaab72f59facfd04f31f2001eb07a38798c6ee10625eef515415,959479
docs/blueprint-accepted/SUNSET_ERP_CLEAN_SLATE_v1.12.0_ACCEPTED/05-questionarios/05-corpus-71500/02-submodulos/COMP/SM-COMP-02_GARANTIA_RECLAMACAO_E_DEVOLUCAO_500_PERGUNTAS.md,422b16898e75cf0c96bcf84562e6c38ced4e5f87d08c31737a286659b5565495,958987
docs/blueprint-accepted/SUNSET_ERP_CLEAN_SLATE_v1.12.0_ACCEPTED/05-questionarios/05-corpus-71500/02-submodulos/COMP/SM-COMP-03_ATENDIMENTO_E_SLA_500_PERGUNTAS.md,677feb4b69ebedaf25a9f6ce009c994b019cba548cf08e07294c16e8b25bb962,943938
docs/blueprint-accepted/SUNSET_ERP_CLEAN_SLATE_v1.12.0_ACCEPTED/05-questionarios/05-corpus-71500/02-submodulos/COMP/SM-COMP-04_ATIVOS_MANUTENCAO_RH_E_JURIDICO_500_PERGUNTAS.md,ad788f4557cfe2dccbe87bc0a62267880277a885b2287d1121030961b2b5dc7d,961993
docs/blueprint-accepted/SUNSET_ERP_CLEAN_SLATE_v1.12.0_ACCEPTED/05-questionarios/05-corpus-71500/02-submodulos/COMP/SM-COMP-05_BI_KPIS_E_COMPLIANCE_500_PERGUNTAS.md,217c0819fd408fd82f63b33210dc9d5525e354f24989f720d8063b13e47f1898,951958
docs/blueprint-accepted/SUNSET_ERP_CLEAN_SLATE_v1.12.0_ACCEPTED/05-questionarios/05-corpus-71500/02-submodulos/CRM/SM-CRM-01_ENTRADA_DEDUPLICACAO_E_DISTRIBUICAO_DE_LEADS_500_PERGUNTAS.md,a171ce32c9f66f7dff9e50ff292caf412ea842be316248f0f13dbf594b012c96,955743
docs/blueprint-accepted/SUNSET_ERP_CLEAN_SLATE_v1.12.0_ACCEPTED/05-questionarios/05-corpus-71500/02-submodulos/CRM/SM-CRM-02_CONTAS_CONTATOS_E_CARTEIRA_500_PERGUNTAS.md,e3ceb05ef4e578eac51a96776be5ea651400bca7988fb9e53fbfb2963fba8f54,950210
docs/blueprint-accepted/SUNSET_ERP_CLEAN_SLATE_v1.12.0_ACCEPTED/05-questionarios/05-corpus-71500/02-submodulos/CRM/SM-CRM-03_OPORTUNIDADES_PIPELINE_E_FORECAST_500_PERGUNTAS.md,8354d3a548ec2dac110e149622caeee478dfdc78fb2d411b5d024a0d7a71b86b,952221
docs/blueprint-accepted/SUNSET_ERP_CLEAN_SLATE_v1.12.0_ACCEPTED/05-questionarios/05-corpus-71500/02-submodulos/CRM/SM-CRM-04_ATIVIDADES_WHATSAPP_E_MAIL_E_TICKETS_500_PERGUNTAS.md,ac4aed1137c575060ab5cccdef91a157316270f8d6077b6f5376d44604ecd7f0,957736
docs/blueprint-accepted/SUNSET_ERP_CLEAN_SLATE_v1.12.0_ACCEPTED/05-questionarios/05-corpus-71500/02-submodulos/CRM/SM-CRM-05_METAS_DESEMPENHO_E_OFFLINE_500_PERGUNTAS.md,e9a28ed04af70c0f7861863a1177cfdeeb795c840c5ffac369de73b96b00f7ee,949709
docs/blueprint-accepted/SUNSET_ERP_CLEAN_SLATE_v1.12.0_ACCEPTED/05-questionarios/05-corpus-71500/02-submodulos/FISCAL/SM-FISCAL-01_MOTOR_TRIBUTARIO_E_VIGENCIAS_500_PERGUNTAS.md,7f0fb6ae3a8fc00b9573591f641f3cdb14b1a9913225e579587ae66a54e24c93,958276
docs/blueprint-accepted/SUNSET_ERP_CLEAN_SLATE_v1.12.0_ACCEPTED/05-questionarios/05-corpus-71500/02-submodulos/FISCAL/SM-FISCAL-02_EMISSAO_SI_FACTURA_ARCA_500_PERGUNTAS.md,84192bac5bfe2ada98670e80fad2c4d21636b032a1b08a74b400e4364d174654,955765
docs/blueprint-accepted/SUNSET_ERP_CLEAN_SLATE_v1.12.0_ACCEPTED/05-questionarios/05-corpus-71500/02-submodulos/FISCAL/SM-FISCAL-03_NOTAS_REMITOS_E_CONTINGENCIA_500_PERGUNTAS.md,e7915a6ef10a4d6db085df98588a16e25b87bca3e483175d8e5988c5ee7f82a2,963787
docs/blueprint-accepted/SUNSET_ERP_CLEAN_SLATE_v1.12.0_ACCEPTED/05-questionarios/05-corpus-71500/02-submodulos/FISCAL/SM-FISCAL-04_PERCEPCOES_RETENCOES_E_OBRIGACOES_500_PERGUNTAS.md,d8be5859f769bb84a19171258db2d4dd72c09cba6b432f5c658a24474941f73b,963296
docs/blueprint-accepted/SUNSET_ERP_CLEAN_SLATE_v1.12.0_ACCEPTED/05-questionarios/05-corpus-71500/02-submodulos/FISCAL/SM-FISCAL-05_RECONCILIACAO_E_AUDITORIA_FISCAL_500_PERGUNTAS.md,ece81280979ae04c3e068bd4031e9cc66ebed1aeaff0ce1390511b227b11c5db,962789
docs/blueprint-accepted/SUNSET_ERP_CLEAN_SLATE_v1.12.0_ACCEPTED/05-questionarios/05-corpus-71500/02-submodulos/INVENTORY/SM-INVENTORY-01_DEPOSITOS_POSICOES_E_DISPONIBILIDADE_500_PERGUNTAS.md,74f30f79608ba69c1bdd24c3ddd28c7ea1ca269e4052263528ed6f7d51af95f1,961583
docs/blueprint-accepted/SUNSET_ERP_CLEAN_SLATE_v1.12.0_ACCEPTED/05-questionarios/05-corpus-71500/02-submodulos/INVENTORY/SM-INVENTORY-02_RECEBIMENTOS_E_MOVIMENTOS_500_PERGUNTAS.md,b00f1dac2c91397b5a6c413000a97e0297b36ac787c97cb09ebcb1a82a5cb878,954053
docs/blueprint-accepted/SUNSET_ERP_CLEAN_SLATE_v1.12.0_ACCEPTED/05-questionarios/05-corpus-71500/02-submodulos/INVENTORY/SM-INVENTORY-03_RESERVA_ALOCACAO_E_FIFO_500_PERGUNTAS.md,cc98e0813913b7ddb72c8481a20f628c83befe300d913554fd11b47cd4ae3458,953553
docs/blueprint-accepted/SUNSET_ERP_CLEAN_SLATE_v1.12.0_ACCEPTED/05-questionarios/05-corpus-71500/02-submodulos/INVENTORY/SM-INVENTORY-04_SINCRONIZACAO_COM_OPERADORES_500_PERGUNTAS.md,70203122267b7ad25b404a9ef0f28571acc8a898fcc885aee0d3e63aef84bbe1,956563
docs/blueprint-accepted/SUNSET_ERP_CLEAN_SLATE_v1.12.0_ACCEPTED/05-questionarios/05-corpus-71500/02-submodulos/INVENTORY/SM-INVENTORY-05_AJUSTES_PERDAS_E_RELATORIOS_500_PERGUNTAS.md,74dad1b7c8a7b49a4cbdc71e839d69684ec5fd2a5510492dcc20825567f22d16,954558
docs/blueprint-accepted/SUNSET_ERP_CLEAN_SLATE_v1.12.0_ACCEPTED/05-questionarios/05-corpus-71500/02-submodulos/LANDED/SM-LANDED-01_CATALOGO_DE_COMPONENTES_E_ELEGIBILIDADE_500_PERGUNTAS.md,fde61ef74f76576b42df291336185c2fa78677bce3dc4dff136200d9d1084e4b,965218
docs/blueprint-accepted/SUNSET_ERP_CLEAN_SLATE_v1.12.0_ACCEPTED/05-questionarios/05-corpus-71500/02-submodulos/LANDED/SM-LANDED-02_POOLS_PROVISORIOS_E_DOCUMENTOS_500_PERGUNTAS.md,e408c02d1dedaa96c61a38dbf94c037d1c31b1da1f436c620f65df2d769bbe0f,957694
docs/blueprint-accepted/SUNSET_ERP_CLEAN_SLATE_v1.12.0_ACCEPTED/05-questionarios/05-corpus-71500/02-submodulos/LANDED/SM-LANDED-03_RATEIO_E_SIMULADOR_500_PERGUNTAS.md,661e4d682e92aa24a32a24efb9fa566694a479bd2ec407028c16e74077570f0a,955176
docs/blueprint-accepted/SUNSET_ERP_CLEAN_SLATE_v1.12.0_ACCEPTED/05-questionarios/05-corpus-71500/02-submodulos/LANDED/SM-LANDED-04_APLICACAO_A_ESTOQUE_E_MARGEM_500_PERGUNTAS.md,0c4dca94674b0a93b5f9e53c07dae4a2f0e4aec53ec3018562eff1fe5164b760,958695
docs/blueprint-accepted/SUNSET_ERP_CLEAN_SLATE_v1.12.0_ACCEPTED/05-questionarios/05-corpus-71500/02-submodulos/LANDED/SM-LANDED-05_CUSTOS_TARDIOS_E_RECONCILIACAO_500_PERGUNTAS.md,ef3f004a2e272642a84ff321eabf329197688f2e26d5c01032c8fd314919d238,963707
docs/blueprint-accepted/SUNSET_ERP_CLEAN_SLATE_v1.12.0_ACCEPTED/05-questionarios/05-corpus-71500/02-submodulos/PLATFORM/SM-PLATFORM-01_IDENTIDADE_RBAC_E_ESCOPOS_500_PERGUNTAS.md,d910ad2f70112622a1bb8fdaab684c2dc312c65211ee9e5b680ac8bfdb4096c0,967398
docs/blueprint-accepted/SUNSET_ERP_CLEAN_SLATE_v1.12.0_ACCEPTED/05-questionarios/05-corpus-71500/02-submodulos/PLATFORM/SM-PLATFORM-02_APROVACOES_OVERRIDE_AUDITORIA_E_PARAMETROS_500_PERGUNTAS.md,064322da438fa7cd82d3b6eacee01d2351310bbca6215a1220658e6c50fbdadc,976938
docs/blueprint-accepted/SUNSET_ERP_CLEAN_SLATE_v1.12.0_ACCEPTED/05-questionarios/05-corpus-71500/02-submodulos/PLATFORM/SM-PLATFORM-03_DOCUMENTOS_OCR_BUSCA_E_NOTIFICACOES_500_PERGUNTAS.md,9ce2a6c68b2d1317d70d9fe2048520004459997e6ec58ee9f46547e330f3b38f,970918
docs/blueprint-accepted/SUNSET_ERP_CLEAN_SLATE_v1.12.0_ACCEPTED/05-questionarios/05-corpus-71500/02-submodulos/PLATFORM/SM-PLATFORM-04_DESKTOP_OFFLINE_E_SINCRONIZACAO_500_PERGUNTAS.md,609f5c9234d03d8eec3a9a1e85c1331b60e2e88cae909d119f47fdf6fe92dae0,969409
docs/blueprint-accepted/SUNSET_ERP_CLEAN_SLATE_v1.12.0_ACCEPTED/05-questionarios/05-corpus-71500/02-submodulos/PLATFORM/SM-PLATFORM-05_APIS_JOBS_OBSERVABILIDADE_E_CONTINUIDADE_500_PERGUNTAS.md,b64e38b540c11ec52d0bd49a2048188f9a8b4a972948a820e94579f7c3796f10,975931
docs/blueprint-accepted/SUNSET_ERP_CLEAN_SLATE_v1.12.0_ACCEPTED/05-questionarios/05-corpus-71500/02-submodulos/PURCHASING/SM-PURCHASING-01_REQUISICOES_E_COMPRAS_EMERGENCIAIS_500_PERGUNTAS.md,beffa661deb750cda57036b75c92dc9686dc27ad8e1d141e339ed14e423154f2,966374
docs/blueprint-accepted/SUNSET_ERP_CLEAN_SLATE_v1.12.0_ACCEPTED/05-questionarios/05-corpus-71500/02-submodulos/PURCHASING/SM-PURCHASING-02_COTACAO_E_PEDIDO_DE_COMPRA_500_PERGUNTAS.md,40648c7749cb1b40022072229668f5fae627f9b587a36cfc453bdd4cc475784c,959352
docs/blueprint-accepted/SUNSET_ERP_CLEAN_SLATE_v1.12.0_ACCEPTED/05-questionarios/05-corpus-71500/02-submodulos/PURCHASING/SM-PURCHASING-03_RECEBIMENTO_DE_BENS_E_SERVICOS_500_PERGUNTAS.md,0bfa656b20563ec1badc1e451ec412356c0405b3b188fac6d3fa233d2b636f67,963363
docs/blueprint-accepted/SUNSET_ERP_CLEAN_SLATE_v1.12.0_ACCEPTED/05-questionarios/05-corpus-71500/02-submodulos/PURCHASING/SM-PURCHASING-04_FATURA_E_CONTAS_A_PAGAR_500_PERGUNTAS.md,fcfad15812d56f2a1ba3018b36a81d32a91aaf8ac3479018239251d4232d60de,958846
docs/blueprint-accepted/SUNSET_ERP_CLEAN_SLATE_v1.12.0_ACCEPTED/05-questionarios/05-corpus-71500/02-submodulos/PURCHASING/SM-PURCHASING-05_CONTRATOS_REPOSICAO_E_ANALISE_500_PERGUNTAS.md,fab7154f16a2d13a0e5826bd8cffb0354f14b04eb787b98a82a2e51e230c1d92,962864
docs/blueprint-accepted/SUNSET_ERP_CLEAN_SLATE_v1.12.0_ACCEPTED/05-questionarios/05-corpus-71500/02-submodulos/QA/SM-QA-01_ARQUITETURA_DE_TESTES_E_QUALITY_GATES_500_PERGUNTAS.md,a7f4817d0b5ae3cb7c02cbf6a9aa185d03c8a5e7d9258e98b57e97c7f4acbd11,972456
docs/blueprint-accepted/SUNSET_ERP_CLEAN_SLATE_v1.12.0_ACCEPTED/05-questionarios/05-corpus-71500/02-submodulos/QA/SM-QA-02_MIGRACAO_E_RECONCILIACAO_500_PERGUNTAS.md,378e5e1271cf4e51749f976674c24d1c3f612efabd3433cc33433c3c5563c989,967437
docs/blueprint-accepted/SUNSET_ERP_CLEAN_SLATE_v1.12.0_ACCEPTED/05-questionarios/05-corpus-71500/02-submodulos/QA/SM-QA-03_RELEASE_CUTOVER_E_ROLLBACK_500_PERGUNTAS.md,7906eddccae42f716ce1153357a35cb24d3b30a3e58405eb8c38d4c862d20268,961424
docs/blueprint-accepted/SUNSET_ERP_CLEAN_SLATE_v1.12.0_ACCEPTED/05-questionarios/05-corpus-71500/02-submodulos/QA/SM-QA-04_CARGA_SEGURANCA_OFFLINE_E_DR_500_PERGUNTAS.md,5eb35c77ac42c1d83e9e273a3e17f554d56ee53029548b3e6b4ff94ad2e36e13,969945
docs/blueprint-accepted/SUNSET_ERP_CLEAN_SLATE_v1.12.0_ACCEPTED/05-questionarios/05-corpus-71500/02-submodulos/QA/SM-QA-05_HYPERCARE_TREINAMENTO_E_INCIDENTES_500_PERGUNTAS.md,563b99409d4e63787e921bd9f070cda5110218b576aa9f71ce3645eac2a6067a,971953
docs/blueprint-accepted/SUNSET_ERP_CLEAN_SLATE_v1.12.0_ACCEPTED/05-questionarios/05-corpus-71500/02-submodulos/SALES/SM-SALES-01_PRECO_CATALOGO_E_MARGEM_500_PERGUNTAS.md,c1501b6a33b8a28b1b2fb6d094115a04900e6b71da9503ca94da5733a699b199,961818
docs/blueprint-accepted/SUNSET_ERP_CLEAN_SLATE_v1.12.0_ACCEPTED/05-questionarios/05-corpus-71500/02-submodulos/SALES/SM-SALES-02_ORCAMENTO_E_DESCONTO_500_PERGUNTAS.md,f6015f8a53ab27274b56b98ad3a7d85608ae0445e7a588ffdced4e3430cda9ac,954298
docs/blueprint-accepted/SUNSET_ERP_CLEAN_SLATE_v1.12.0_ACCEPTED/05-questionarios/05-corpus-71500/02-submodulos/SALES/SM-SALES-03_PEDIDO_RESERVA_E_DISPONIBILIDADE_500_PERGUNTAS.md,7cd3960e521f540732bb7548f36f6be436e8fe2f365a6fb9390b129096f3d96c,962827
docs/blueprint-accepted/SUNSET_ERP_CLEAN_SLATE_v1.12.0_ACCEPTED/05-questionarios/05-corpus-71500/02-submodulos/SALES/SM-SALES-04_FATURAMENTO_PAGAMENTO_E_LIBERACAO_500_PERGUNTAS.md,0a2d51be8223a8437950e59fe0479b51b89867d1bef797663bb078cb43747ebd,967339
docs/blueprint-accepted/SUNSET_ERP_CLEAN_SLATE_v1.12.0_ACCEPTED/05-questionarios/05-corpus-71500/02-submodulos/SALES/SM-SALES-05_ENTREGA_DEVOLUCAO_E_COMISSAO_500_PERGUNTAS.md,d4f265c5982f1eca0a4ae6714ae41eeb9aacc622b04c1fbab5290c5517ef19fa,963327
docs/blueprint-accepted/SUNSET_ERP_CLEAN_SLATE_v1.12.0_ACCEPTED/05-questionarios/05-corpus-71500/02-submodulos/TREASURY/SM-TREASURY-01_CONTAS_BANCARIAS_E_POSICAO_DE_CAIXA_500_PERGUNTAS.md,de6ef997e24d7dc8d3e23c04302d314d1b2ff28a9db87cbf00ace06af7d62960,977188
docs/blueprint-accepted/SUNSET_ERP_CLEAN_SLATE_v1.12.0_ACCEPTED/05-questionarios/05-corpus-71500/02-submodulos/TREASURY/SM-TREASURY-02_PAGAMENTOS_E_TERCEIROS_PAGADORES_500_PERGUNTAS.md,c1f67286904b8d126e6cd2400e1d6cd6bb76629ae621c0df45b7e6ebfe853df0,975679
docs/blueprint-accepted/SUNSET_ERP_CLEAN_SLATE_v1.12.0_ACCEPTED/05-questionarios/05-corpus-71500/02-submodulos/TREASURY/SM-TREASURY-03_RECEBIMENTOS_E_MEIOS_DE_PAGAMENTO_500_PERGUNTAS.md,0828b492d52da851edfc134ca14164ef59b4442785fa3622b2eb3dd290b4d318,972674
docs/blueprint-accepted/SUNSET_ERP_CLEAN_SLATE_v1.12.0_ACCEPTED/05-questionarios/05-corpus-71500/02-submodulos/TREASURY/SM-TREASURY-04_CAMBIO_EMPRESTIMOS_E_APORTES_500_PERGUNTAS.md,b08552ca5d97d85d87daf8439abda1dc28491c8601ce739888dcdc5df2bf7680,976680
docs/blueprint-accepted/SUNSET_ERP_CLEAN_SLATE_v1.12.0_ACCEPTED/05-questionarios/05-corpus-71500/02-submodulos/TREASURY/SM-TREASURY-05_CONCILIACAO_E_PREVISAO_DE_CAIXA_500_PERGUNTAS.md,4157e4584c962136be0ac2013d036d84d720ab655e3026ebf87b845ab0e1ea64,979188
docs/blueprint-accepted/SUNSET_ERP_CLEAN_SLATE_v1.12.0_ACCEPTED/05-questionarios/05-corpus-71500/02_METODO_E_CONTAGEM.md,fa22792ecf301b020521585d527ba653dfff8c03e9dd30ba6fd5b80060a4a0a1,1290
docs/blueprint-accepted/SUNSET_ERP_CLEAN_SLATE_v1.12.0_ACCEPTED/05-questionarios/05-corpus-71500/03-prs/ACCOUNTING/PR-ACCOUNTING-01_PLANO_DE_CONTAS_E_DIMENSOES_500_PERGUNTAS.md,b403aa7b6b9610e6665e729b0af4e24d9c95e4826ac07b983b67375a4d54eade,984043
docs/blueprint-accepted/SUNSET_ERP_CLEAN_SLATE_v1.12.0_ACCEPTED/05-questionarios/05-corpus-71500/03-prs/ACCOUNTING/PR-ACCOUNTING-02_MOTOR_DE_LANCAMENTOS_E_JOURNALS_500_PERGUNTAS.md,13f5230dce47d5dc030750428f29a37b1c0bf0c9187293e88907eceeb568ef37,989057
docs/blueprint-accepted/SUNSET_ERP_CLEAN_SLATE_v1.12.0_ACCEPTED/05-questionarios/05-corpus-71500/03-prs/ACCOUNTING/PR-ACCOUNTING-03_MOEDAS_E_DIFERENCAS_CAMBIAIS_500_PERGUNTAS.md,59ab44718143351de576f6ea92e52ffac8b2eee0fd7289e71f88913a0a07a011,987050
docs/blueprint-accepted/SUNSET_ERP_CLEAN_SLATE_v1.12.0_ACCEPTED/05-questionarios/05-corpus-71500/03-prs/ACCOUNTING/PR-ACCOUNTING-04_LIVROS_PERIODOS_E_CONTROLES_500_PERGUNTAS.md,d8dbf96c18cecc288ffa8733a6e5ead322e0d28bb418736db65ba6d0e97c54e7,986048
docs/blueprint-accepted/SUNSET_ERP_CLEAN_SLATE_v1.12.0_ACCEPTED/05-questionarios/05-corpus-71500/03-prs/ACCOUNTING/PR-ACCOUNTING-05_RAZAO_BALANCO_DRE_E_DRILL_DOWN_500_PERGUNTAS.md,1a4e6b3ee3fb9c654be65cd9db5a6bc0d1de5fba4275b97c319757e68cd58e12,989560
docs/blueprint-accepted/SUNSET_ERP_CLEAN_SLATE_v1.12.0_ACCEPTED/05-questionarios/05-corpus-71500/03-prs/CLOSE/PR-CLOSE-01_CALENDARIO_E_TAREFAS_DE_FECHAMENTO_500_PERGUNTAS.md,042e327c04baa69305f2f7c8b2b610577c1e475d1cca406bad66ce915548d163,979040
docs/blueprint-accepted/SUNSET_ERP_CLEAN_SLATE_v1.12.0_ACCEPTED/05-questionarios/05-corpus-71500/03-prs/CLOSE/PR-CLOSE-02_RECONCILIACAO_DE_SUBLEDGERS_500_PERGUNTAS.md,550dbc3d7199ef1babfdfaa1003e258fe8bf0409b3cd23fb37f30bba59008695,978533
docs/blueprint-accepted/SUNSET_ERP_CLEAN_SLATE_v1.12.0_ACCEPTED/05-questionarios/05-corpus-71500/03-prs/CLOSE/PR-CLOSE-03_PROVISOES_ACCRUALS_E_CAMBIO_500_PERGUNTAS.md,d8708593635839645985af5fb56ff75e3c9491766c989568ca7f8e84f7e7d16a,976530
docs/blueprint-accepted/SUNSET_ERP_CLEAN_SLATE_v1.12.0_ACCEPTED/05-questionarios/05-corpus-71500/03-prs/CLOSE/PR-CLOSE-04_DEMONSTRACOES_E_PACOTE_GERENCIAL_500_PERGUNTAS.md,bfd706bc275875aaabf50fd868c09e4a45223695e50d510aa705a9cd7023850b,978538
docs/blueprint-accepted/SUNSET_ERP_CLEAN_SLATE_v1.12.0_ACCEPTED/05-questionarios/05-corpus-71500/03-prs/CLOSE/PR-CLOSE-05_REABERTURA_AUDITORIA_E_COCKPIT_500_PERGUNTAS.md,6e084768ec7e1edef04996f72e153ca21597da2aee19483b11ebb6845487f9b1,975028
docs/blueprint-accepted/SUNSET_ERP_CLEAN_SLATE_v1.12.0_ACCEPTED/05-questionarios/05-corpus-71500/03-prs/COMEX/PR-COMEX-01_PEDIDO_INTERNACIONAL_E_PRODUCAO_500_PERGUNTAS.md,d0f50ea55fc306a0fff9549b8107899013d2f446892544efcc2626faf738e472,980608
docs/blueprint-accepted/SUNSET_ERP_CLEAN_SLATE_v1.12.0_ACCEPTED/05-questionarios/05-corpus-71500/03-prs/COMEX/PR-COMEX-02_EMBARQUE_BOOKING_BL_E_CONTEINER_500_PERGUNTAS.md,ef4dc13a490aaa4acf585b546516c7eb9853ba36cd8713b7c2d8747e4d55e9c4,975098
docs/blueprint-accepted/SUNSET_ERP_CLEAN_SLATE_v1.12.0_ACCEPTED/05-questionarios/05-corpus-71500/03-prs/COMEX/PR-COMEX-03_DESPACHO_E_REGIMES_ADUANEIROS_500_PERGUNTAS.md,0da56155398c77dfc610b6d8f6ff0b725704906375b79218cbe23122e36f1761,977598
docs/blueprint-accepted/SUNSET_ERP_CLEAN_SLATE_v1.12.0_ACCEPTED/05-questionarios/05-corpus-71500/03-prs/COMEX/PR-COMEX-04_DOCUMENTOS_OCR_OCORRENCIAS_E_PRAZOS_500_PERGUNTAS.md,13ba7e344157d258c3e0c3ce7fb2198b22c9d0bff090ccd19f11692cd8427a61,982116
docs/blueprint-accepted/SUNSET_ERP_CLEAN_SLATE_v1.12.0_ACCEPTED/05-questionarios/05-corpus-71500/03-prs/COMEX/PR-COMEX-05_RECEBIMENTO_DEVOLUCAO_E_FECHAMENTO_500_PERGUNTAS.md,692d1f9776a656794abe0bb2ec3a4cb396cf86e6bd5e6117d28ad7dcba0b19f7,984620
docs/blueprint-accepted/SUNSET_ERP_CLEAN_SLATE_v1.12.0_ACCEPTED/05-questionarios/05-corpus-71500/03-prs/COMP/PR-COMP-01_QUALIDADE_E_CERTIFICACOES_500_PERGUNTAS.md,04b7f72ef6f1d0bc5cd6e30863abf9ca2c10107912b60dba922bc358be9076da,968456
docs/blueprint-accepted/SUNSET_ERP_CLEAN_SLATE_v1.12.0_ACCEPTED/05-questionarios/05-corpus-71500/03-prs/COMP/PR-COMP-02_GARANTIA_RECLAMACAO_E_DEVOLUCAO_500_PERGUNTAS.md,2782c8c8cc3254de17d266fed3b96d61cdd85e354ffef863fe12d83815b19a31,967964
docs/blueprint-accepted/SUNSET_ERP_CLEAN_SLATE_v1.12.0_ACCEPTED/05-questionarios/05-corpus-71500/03-prs/COMP/PR-COMP-03_ATENDIMENTO_E_SLA_500_PERGUNTAS.md,4dcbfdad404951b8c24e3f470e40ab0674b09335d93fa507bf3c395dd03edf07,952915
docs/blueprint-accepted/SUNSET_ERP_CLEAN_SLATE_v1.12.0_ACCEPTED/05-questionarios/05-corpus-71500/03-prs/COMP/PR-COMP-04_ATIVOS_MANUTENCAO_RH_E_JURIDICO_500_PERGUNTAS.md,e7edc899d536215cedc88c3eddbc1be438b6837353ae14930c1df0ac4dfa2f06,970970
docs/blueprint-accepted/SUNSET_ERP_CLEAN_SLATE_v1.12.0_ACCEPTED/05-questionarios/05-corpus-71500/03-prs/COMP/PR-COMP-05_BI_KPIS_E_COMPLIANCE_500_PERGUNTAS.md,c86543c5c54dd2def76196baaaaae4c51e028eef2ba52804219cfc3903e7ba79,960935
docs/blueprint-accepted/SUNSET_ERP_CLEAN_SLATE_v1.12.0_ACCEPTED/05-questionarios/05-corpus-71500/03-prs/CRM/PR-CRM-01_ENTRADA_DEDUPLICACAO_E_DISTRIBUICAO_DE_LEADS_500_PERGUNTAS.md,555f1034012ccc391cd3289eaaa4ef6e49f349579afff49e80c335ba1f7a1fec,964720
docs/blueprint-accepted/SUNSET_ERP_CLEAN_SLATE_v1.12.0_ACCEPTED/05-questionarios/05-corpus-71500/03-prs/CRM/PR-CRM-02_CONTAS_CONTATOS_E_CARTEIRA_500_PERGUNTAS.md,b7880b9325747c1a3c3847234149385e114941265f7b31fa45445f8b70faa256,959187
docs/blueprint-accepted/SUNSET_ERP_CLEAN_SLATE_v1.12.0_ACCEPTED/05-questionarios/05-corpus-71500/03-prs/CRM/PR-CRM-03_OPORTUNIDADES_PIPELINE_E_FORECAST_500_PERGUNTAS.md,c75be1210c9ce0bcaef74c2f9033ebfae550d588cbcadc2f31d435087993538d,961198
docs/blueprint-accepted/SUNSET_ERP_CLEAN_SLATE_v1.12.0_ACCEPTED/05-questionarios/05-corpus-71500/03-prs/CRM/PR-CRM-04_ATIVIDADES_WHATSAPP_E_MAIL_E_TICKETS_500_PERGUNTAS.md,8736b892f5db91e25ac5dc9c3c13cdaf6aa762fc08d16f8d324b8f5c8bedbf65,966713
docs/blueprint-accepted/SUNSET_ERP_CLEAN_SLATE_v1.12.0_ACCEPTED/05-questionarios/05-corpus-71500/03-prs/CRM/PR-CRM-05_METAS_DESEMPENHO_E_OFFLINE_500_PERGUNTAS.md,7571a379c02a34d7d91da703a973de67c9da4340953494f8cecd1b47ae89b384,958686
docs/blueprint-accepted/SUNSET_ERP_CLEAN_SLATE_v1.12.0_ACCEPTED/05-questionarios/05-corpus-71500/03-prs/FISCAL/PR-FISCAL-01_MOTOR_TRIBUTARIO_E_VIGENCIAS_500_PERGUNTAS.md,801ea798870ac2dd6e658f1b3871aceccc8751673f3ba2cdd4463a3bae52a8ae,967253
docs/blueprint-accepted/SUNSET_ERP_CLEAN_SLATE_v1.12.0_ACCEPTED/05-questionarios/05-corpus-71500/03-prs/FISCAL/PR-FISCAL-02_EMISSAO_SI_FACTURA_ARCA_500_PERGUNTAS.md,4206815ed8e83ef43690c7980a530df2c8fd73d0eea55bb27958647df4aac208,964742
docs/blueprint-accepted/SUNSET_ERP_CLEAN_SLATE_v1.12.0_ACCEPTED/05-questionarios/05-corpus-71500/03-prs/FISCAL/PR-FISCAL-03_NOTAS_REMITOS_E_CONTINGENCIA_500_PERGUNTAS.md,3f066b8fdd4720decb8b93b96acd37fd7e7c976bb3fe384211db5cd442d6a27d,972764
docs/blueprint-accepted/SUNSET_ERP_CLEAN_SLATE_v1.12.0_ACCEPTED/05-questionarios/05-corpus-71500/03-prs/FISCAL/PR-FISCAL-04_PERCEPCOES_RETENCOES_E_OBRIGACOES_500_PERGUNTAS.md,ff486e4d9f7411b18c9651d67ef4e90cc5555055026b9b482c3a47bdc602a849,972273
docs/blueprint-accepted/SUNSET_ERP_CLEAN_SLATE_v1.12.0_ACCEPTED/05-questionarios/05-corpus-71500/03-prs/FISCAL/PR-FISCAL-05_RECONCILIACAO_E_AUDITORIA_FISCAL_500_PERGUNTAS.md,b7cdd617a4703ff63e1111af5ea45e5d4fb10e474eae4724efb3110bd39d1838,971766
docs/blueprint-accepted/SUNSET_ERP_CLEAN_SLATE_v1.12.0_ACCEPTED/05-questionarios/05-corpus-71500/03-prs/INVENTORY/PR-INVENTORY-01_DEPOSITOS_POSICOES_E_DISPONIBILIDADE_500_PERGUNTAS.md,ac8efed3c75cd2b217b019d4b62ccd161062ca77266803dd2b9bbf0af0aec0d6,970560
docs/blueprint-accepted/SUNSET_ERP_CLEAN_SLATE_v1.12.0_ACCEPTED/05-questionarios/05-corpus-71500/03-prs/INVENTORY/PR-INVENTORY-02_RECEBIMENTOS_E_MOVIMENTOS_500_PERGUNTAS.md,df92aad887f2bc5dc2a7501ce665e8643fbd225cef76596122b1d86e1c24ff7c,963030
docs/blueprint-accepted/SUNSET_ERP_CLEAN_SLATE_v1.12.0_ACCEPTED/05-questionarios/05-corpus-71500/03-prs/INVENTORY/PR-INVENTORY-03_RESERVA_ALOCACAO_E_FIFO_500_PERGUNTAS.md,3d5af90c6f54d7beb658841b0b8476b9346ae7281ad4212eb8c1d18e6439a439,962530
docs/blueprint-accepted/SUNSET_ERP_CLEAN_SLATE_v1.12.0_ACCEPTED/05-questionarios/05-corpus-71500/03-prs/INVENTORY/PR-INVENTORY-04_SINCRONIZACAO_COM_OPERADORES_500_PERGUNTAS.md,0371504e8ddd9fe9be05e4b732072c0a7d11fe588dc6b071fe38350371a8ea6d,965540
docs/blueprint-accepted/SUNSET_ERP_CLEAN_SLATE_v1.12.0_ACCEPTED/05-questionarios/05-corpus-71500/03-prs/INVENTORY/PR-INVENTORY-05_AJUSTES_PERDAS_E_RELATORIOS_500_PERGUNTAS.md,33bddc5039b21b14f83ca12cecebcd4ad09a991c00a06489289b2a419e1fbbcd,963535
docs/blueprint-accepted/SUNSET_ERP_CLEAN_SLATE_v1.12.0_ACCEPTED/05-questionarios/05-corpus-71500/03-prs/LANDED/PR-LANDED-01_CATALOGO_DE_COMPONENTES_E_ELEGIBILIDADE_500_PERGUNTAS.md,417788b189d6ad8f559596524a4b75a62ae0f6c1a1e19952388eb5016313c3fe,974195
docs/blueprint-accepted/SUNSET_ERP_CLEAN_SLATE_v1.12.0_ACCEPTED/05-questionarios/05-corpus-71500/03-prs/LANDED/PR-LANDED-02_POOLS_PROVISORIOS_E_DOCUMENTOS_500_PERGUNTAS.md,7ae9fb2a2e90d289a1ac61979bfc426c45682538417cbfb7374e18fbfad935c4,966671
docs/blueprint-accepted/SUNSET_ERP_CLEAN_SLATE_v1.12.0_ACCEPTED/05-questionarios/05-corpus-71500/03-prs/LANDED/PR-LANDED-03_RATEIO_E_SIMULADOR_500_PERGUNTAS.md,86705d17eaf37492e10c1d36b5d006b4c4f28e8c563e01b7bc6bb1f16ae43e27,964153
docs/blueprint-accepted/SUNSET_ERP_CLEAN_SLATE_v1.12.0_ACCEPTED/05-questionarios/05-corpus-71500/03-prs/LANDED/PR-LANDED-04_APLICACAO_A_ESTOQUE_E_MARGEM_500_PERGUNTAS.md,1364040561733b82cd5882f8d5968bfa1a9a7b71d5fa792ef5820d478f998d86,967672
docs/blueprint-accepted/SUNSET_ERP_CLEAN_SLATE_v1.12.0_ACCEPTED/05-questionarios/05-corpus-71500/03-prs/LANDED/PR-LANDED-05_CUSTOS_TARDIOS_E_RECONCILIACAO_500_PERGUNTAS.md,48cd8ca02745fe156f2fa7895b55de16d1c96a6b441b01dc1635734b19014430,972684
docs/blueprint-accepted/SUNSET_ERP_CLEAN_SLATE_v1.12.0_ACCEPTED/05-questionarios/05-corpus-71500/03-prs/PLATFORM/PR-PLATFORM-01_IDENTIDADE_RBAC_E_ESCOPOS_500_PERGUNTAS.md,beb314ea3c4e3e856b8f17be31b685defad2d0ee72c640215c4aa56af553353f,976375
docs/blueprint-accepted/SUNSET_ERP_CLEAN_SLATE_v1.12.0_ACCEPTED/05-questionarios/05-corpus-71500/03-prs/PLATFORM/PR-PLATFORM-02_APROVACOES_OVERRIDE_AUDITORIA_E_PARAMETROS_500_PERGUNTAS.md,6adcb2212c24d36bd0d2b0a1eb1472010567f853ae98f62d0cfea3090594ef24,985915
docs/blueprint-accepted/SUNSET_ERP_CLEAN_SLATE_v1.12.0_ACCEPTED/05-questionarios/05-corpus-71500/03-prs/PLATFORM/PR-PLATFORM-03_DOCUMENTOS_OCR_BUSCA_E_NOTIFICACOES_500_PERGUNTAS.md,af7c0aa380ceae8969d4d76a75689c0785df936c0abe050f81dde5b4fade6860,979895
docs/blueprint-accepted/SUNSET_ERP_CLEAN_SLATE_v1.12.0_ACCEPTED/05-questionarios/05-corpus-71500/03-prs/PLATFORM/PR-PLATFORM-04_DESKTOP_OFFLINE_E_SINCRONIZACAO_500_PERGUNTAS.md,74ef78d9e4f65b136f4717d334a374550047cbddd9734d8698913a3d7356beb4,978386
docs/blueprint-accepted/SUNSET_ERP_CLEAN_SLATE_v1.12.0_ACCEPTED/05-questionarios/05-corpus-71500/03-prs/PLATFORM/PR-PLATFORM-05_APIS_JOBS_OBSERVABILIDADE_E_CONTINUIDADE_500_PERGUNTAS.md,2d60701004b56dc6c625002e49471df0a55cac1750c767592cbc98f8345f0e4c,984908
docs/blueprint-accepted/SUNSET_ERP_CLEAN_SLATE_v1.12.0_ACCEPTED/05-questionarios/05-corpus-71500/03-prs/PURCHASING/PR-PURCHASING-01_REQUISICOES_E_COMPRAS_EMERGENCIAIS_500_PERGUNTAS.md,1fd8f4792e49a658cf5276c60f09d882a96aee7b02f9a2212864298c347ee8d1,975351
docs/blueprint-accepted/SUNSET_ERP_CLEAN_SLATE_v1.12.0_ACCEPTED/05-questionarios/05-corpus-71500/03-prs/PURCHASING/PR-PURCHASING-02_COTACAO_E_PEDIDO_DE_COMPRA_500_PERGUNTAS.md,cadf60b263b312a7edaf4bcb5b0d2d0ddbd0c83bcdfe766ece7edaed927761f2,968329
docs/blueprint-accepted/SUNSET_ERP_CLEAN_SLATE_v1.12.0_ACCEPTED/05-questionarios/05-corpus-71500/03-prs/PURCHASING/PR-PURCHASING-03_RECEBIMENTO_DE_BENS_E_SERVICOS_500_PERGUNTAS.md,03271e9d0de07596cade064d0f6ed410d8a1b7c6d1fe7408fa5097b811dd4cc0,972340
docs/blueprint-accepted/SUNSET_ERP_CLEAN_SLATE_v1.12.0_ACCEPTED/05-questionarios/05-corpus-71500/03-prs/PURCHASING/PR-PURCHASING-04_FATURA_E_CONTAS_A_PAGAR_500_PERGUNTAS.md,c050e617485dfcf2f189b09cc6410341f4b5777b1635d90b2874a8eb6be6018e,967823
docs/blueprint-accepted/SUNSET_ERP_CLEAN_SLATE_v1.12.0_ACCEPTED/05-questionarios/05-corpus-71500/03-prs/PURCHASING/PR-PURCHASING-05_CONTRATOS_REPOSICAO_E_ANALISE_500_PERGUNTAS.md,d38c8cbcf6e276d65d831a465fc47212afaa11f51aecc58c6c15be5653d50bc2,971841
docs/blueprint-accepted/SUNSET_ERP_CLEAN_SLATE_v1.12.0_ACCEPTED/05-questionarios/05-corpus-71500/03-prs/QA/PR-QA-01_ARQUITETURA_DE_TESTES_E_QUALITY_GATES_500_PERGUNTAS.md,28fff098fd82066e1865728565174cd06493b448932d3a413aa655665cb26f42,981433
docs/blueprint-accepted/SUNSET_ERP_CLEAN_SLATE_v1.12.0_ACCEPTED/05-questionarios/05-corpus-71500/03-prs/QA/PR-QA-02_MIGRACAO_E_RECONCILIACAO_500_PERGUNTAS.md,d5f075ec4e9b6ca292d92184e82d66117ef94ae84aa1b94441456a7efb211aed,976414
docs/blueprint-accepted/SUNSET_ERP_CLEAN_SLATE_v1.12.0_ACCEPTED/05-questionarios/05-corpus-71500/03-prs/QA/PR-QA-03_RELEASE_CUTOVER_E_ROLLBACK_500_PERGUNTAS.md,8792eeba8d5673f8579ab6fe4282201491a2fd74ed42071cc1c7dc92002e9e2b,970401
docs/blueprint-accepted/SUNSET_ERP_CLEAN_SLATE_v1.12.0_ACCEPTED/05-questionarios/05-corpus-71500/03-prs/QA/PR-QA-04_CARGA_SEGURANCA_OFFLINE_E_DR_500_PERGUNTAS.md,c71cac1a6b25c00e99dd6b44dc13b21ccb08ae953672864725a44030871b0320,978922
docs/blueprint-accepted/SUNSET_ERP_CLEAN_SLATE_v1.12.0_ACCEPTED/05-questionarios/05-corpus-71500/03-prs/QA/PR-QA-05_HYPERCARE_TREINAMENTO_E_INCIDENTES_500_PERGUNTAS.md,5ea6e25b6e3c68d7f21ffecd135c8954f4025b93669648d22cf9ff110c4f8de3,980930
docs/blueprint-accepted/SUNSET_ERP_CLEAN_SLATE_v1.12.0_ACCEPTED/05-questionarios/05-corpus-71500/03-prs/SALES/PR-SALES-01_PRECO_CATALOGO_E_MARGEM_500_PERGUNTAS.md,e42a102d955dc4a9da508f9bf39cd09f95dea14e9ee7a2525657f1b43987d1a0,970795
docs/blueprint-accepted/SUNSET_ERP_CLEAN_SLATE_v1.12.0_ACCEPTED/05-questionarios/05-corpus-71500/03-prs/SALES/PR-SALES-02_ORCAMENTO_E_DESCONTO_500_PERGUNTAS.md,045951aed746413b6e7915ffb5623c49c15b733f9589df31308f18c0ed5cf1fd,963275
docs/blueprint-accepted/SUNSET_ERP_CLEAN_SLATE_v1.12.0_ACCEPTED/05-questionarios/05-corpus-71500/03-prs/SALES/PR-SALES-03_PEDIDO_RESERVA_E_DISPONIBILIDADE_500_PERGUNTAS.md,d463281552d84325af1bf06a1df38d0a10a58ea7f9ebcc79022f18b7f6bb729f,971804
docs/blueprint-accepted/SUNSET_ERP_CLEAN_SLATE_v1.12.0_ACCEPTED/05-questionarios/05-corpus-71500/03-prs/SALES/PR-SALES-04_FATURAMENTO_PAGAMENTO_E_LIBERACAO_500_PERGUNTAS.md,74c54ab7c63ae0e7e8d0eec90ec4849527fce91b6fc6de8a3d9b507e788d9291,976316
docs/blueprint-accepted/SUNSET_ERP_CLEAN_SLATE_v1.12.0_ACCEPTED/05-questionarios/05-corpus-71500/03-prs/SALES/PR-SALES-05_ENTREGA_DEVOLUCAO_E_COMISSAO_500_PERGUNTAS.md,4663ab0e82351584363d0253efab0a76e22abe2831d6efa307d91ae3892c8ae4,972304
docs/blueprint-accepted/SUNSET_ERP_CLEAN_SLATE_v1.12.0_ACCEPTED/05-questionarios/05-corpus-71500/03-prs/TREASURY/PR-TREASURY-01_CONTAS_BANCARIAS_E_POSICAO_DE_CAIXA_500_PERGUNTAS.md,888a5b9c9bfe0a00deeecd512372772df400008af5bdc7efe0f5f47b058eaf0d,986165
docs/blueprint-accepted/SUNSET_ERP_CLEAN_SLATE_v1.12.0_ACCEPTED/05-questionarios/05-corpus-71500/03-prs/TREASURY/PR-TREASURY-02_PAGAMENTOS_E_TERCEIROS_PAGADORES_500_PERGUNTAS.md,280710c54ccc7735950c008dea9dfa811433d6e04a938afb7f06a6e82ab1d291,984656
docs/blueprint-accepted/SUNSET_ERP_CLEAN_SLATE_v1.12.0_ACCEPTED/05-questionarios/05-corpus-71500/03-prs/TREASURY/PR-TREASURY-03_RECEBIMENTOS_E_MEIOS_DE_PAGAMENTO_500_PERGUNTAS.md,8d283917754709983129d1ec6f891108dd1b767e3f79ab2a91736d62f1099684,981651
docs/blueprint-accepted/SUNSET_ERP_CLEAN_SLATE_v1.12.0_ACCEPTED/05-questionarios/05-corpus-71500/03-prs/TREASURY/PR-TREASURY-04_CAMBIO_EMPRESTIMOS_E_APORTES_500_PERGUNTAS.md,5d6e820b2b36351ae546bc84cac2c73f1b8089245acc676f8b3aad4ebbc343af,985657
docs/blueprint-accepted/SUNSET_ERP_CLEAN_SLATE_v1.12.0_ACCEPTED/05-questionarios/05-corpus-71500/03-prs/TREASURY/PR-TREASURY-05_CONCILIACAO_E_PREVISAO_DE_CAIXA_500_PERGUNTAS.md,acf1e59b02908e3a408c466d276adeb2335c38687771cbb0dfee8ec47ec102d4,988165
docs/blueprint-accepted/SUNSET_ERP_CLEAN_SLATE_v1.12.0_ACCEPTED/05-questionarios/05-corpus-71500/03_INDICE_MESTRE_71500.md,7da636641d7b7dff42d6324c04735c940d75eeee476ac8b2b94ceebb465e67a9,29831
docs/blueprint-accepted/SUNSET_ERP_CLEAN_SLATE_v1.12.0_ACCEPTED/05-questionarios/05-corpus-71500/04_VALIDACAO_71500.md,0c529dfaf35f1e613bb8d10a3cf1c348aa5f0c45e23ae682c679e95a2da873ae,613
docs/blueprint-accepted/SUNSET_ERP_CLEAN_SLATE_v1.12.0_ACCEPTED/05-questionarios/05-corpus-71500/GERADOR_71500.py,fcd34feb581cfdae2315ab2d77d2668c70af54475e975439de01b2eeb977d650,57038
docs/blueprint-accepted/SUNSET_ERP_CLEAN_SLATE_v1.12.0_ACCEPTED/05-questionarios/05-corpus-71500/INDICE_QUESTOES_71500.csv,d84c8387f7d16eddc9c16ea51d145664f71e6f868df0068d5d902920d5b26e7d,11480633
docs/blueprint-accepted/SUNSET_ERP_CLEAN_SLATE_v1.12.0_ACCEPTED/05-questionarios/05-corpus-71500/MANIFEST_71500.json,f2dc75525e0cfd1df62b14a01bb5f5e405e94241f856630e4aa4215c6df48edc,490
docs/blueprint-accepted/SUNSET_ERP_CLEAN_SLATE_v1.12.0_ACCEPTED/05-questionarios/05-corpus-71500/QUESTOES_71500.jsonl.gz,02bfb037dba10f3ab4598530e4c230b4fd4328717afbecd0ceda9a2e8cd0249d,2809989
docs/blueprint-accepted/SUNSET_ERP_CLEAN_SLATE_v1.12.0_ACCEPTED/05-questionarios/05-corpus-71500/UNIDADES_143.csv,f360cb2248c155ddfaf7016dc8d604bb024391b29ccda429a5573a48c947a1ae,27703
docs/blueprint-accepted/SUNSET_ERP_CLEAN_SLATE_v1.12.0_ACCEPTED/06-build-ready/00_MASTER_BUILD_READY_EXPRESS.md,e4a52aa6e381cf7a14f417d416316ad84f91249773faf9571ea741a868311cb3,2335
docs/blueprint-accepted/SUNSET_ERP_CLEAN_SLATE_v1.12.0_ACCEPTED/06-build-ready/01_COMEX_BUILD_READY_EXPRESS.md,b9a63935a2a65fc1df20d5defd57e64566798e0ef5168d05bc6c127c6a50a7fd,3512
docs/blueprint-accepted/SUNSET_ERP_CLEAN_SLATE_v1.12.0_ACCEPTED/06-build-ready/02_LANDED_COST_BUILD_READY_EXPRESS.md,ad7fdd2223061238810baad9ed32fa139d803d26ffa5bf00b5e79e1504a9e3a5,3042
docs/blueprint-accepted/SUNSET_ERP_CLEAN_SLATE_v1.12.0_ACCEPTED/06-build-ready/03_FISCAL_BUILD_READY_EXPRESS.md,7d93c38383021eb4adcedd07366d543776f9312177c0c5bcadd476b24889b1b0,3175
docs/blueprint-accepted/SUNSET_ERP_CLEAN_SLATE_v1.12.0_ACCEPTED/06-build-ready/04_CONTABIL_FUNDACAO_BUILD_READY_EXPRESS.md,bc12b4647a2bed3e0cd443ea0073e1d0c46536441f98722c06c138b641479616,2933
docs/blueprint-accepted/SUNSET_ERP_CLEAN_SLATE_v1.12.0_ACCEPTED/06-build-ready/05_ESTOQUE_BUILD_READY_EXPRESS.md,e3da7deeb8a4b34c8e8f19e6d3f64becb4e647c0785d7f8bf57f93f4c6f3f3e7,3043
docs/blueprint-accepted/SUNSET_ERP_CLEAN_SLATE_v1.12.0_ACCEPTED/06-build-ready/06_TESOURARIA_BUILD_READY_EXPRESS.md,2e38539d86ffe6e994b8dcfaba42c3cccc7c1205f426f05cad4f5282c77dc51f,3091
docs/blueprint-accepted/SUNSET_ERP_CLEAN_SLATE_v1.12.0_ACCEPTED/06-build-ready/07_COMERCIAL_BUILD_READY_EXPRESS.md,8237f87f5cb494c1b1c616afcc142c1e69e03f52dbe06a24eeff76a1c11cd31d,2994
docs/blueprint-accepted/SUNSET_ERP_CLEAN_SLATE_v1.12.0_ACCEPTED/06-build-ready/08_COMPRAS_BUILD_READY_EXPRESS.md,df896ce7e5938078c91c4bb13f671d6b32f06c9ac5cca6425efaef50892e8e7e,2969
docs/blueprint-accepted/SUNSET_ERP_CLEAN_SLATE_v1.12.0_ACCEPTED/06-build-ready/09_CRM_BUILD_READY_EXPRESS.md,5cbbc1c66c8aebab8008b72b4f22bc3aa7e5e8d20e067ef96671c52b3ff73c19,2818
docs/blueprint-accepted/SUNSET_ERP_CLEAN_SLATE_v1.12.0_ACCEPTED/06-build-ready/10_FECHAMENTO_CONTABIL_TRANSVERSAL_BUILD_READY_EXPRESS.md,383bd76862e66ae4b23bd2871bf048a317c9d966464ad692ad20ae1b18f88d74,2841
docs/blueprint-accepted/SUNSET_ERP_CLEAN_SLATE_v1.12.0_ACCEPTED/06-build-ready/11_PLATAFORMA_BUILD_READY_EXPRESS.md,a3303d248aea7b2e86ec79fcb54ec70bf4bbcc31ec642e64cbb425c5b0ffb71f,3061
docs/blueprint-accepted/SUNSET_ERP_CLEAN_SLATE_v1.12.0_ACCEPTED/06-build-ready/12_MODULOS_COMPLEMENTARES_BUILD_READY_EXPRESS.md,bf32c0f8964a76688be13ae042059864c579a1373e176c2d605cd8333338362d,2851
docs/blueprint-accepted/SUNSET_ERP_CLEAN_SLATE_v1.12.0_ACCEPTED/06-build-ready/13_TESTES_MIGRACAO_IMPLANTACAO_BUILD_READY_EXPRESS.md,a623410b311bcb23381c6b3d9a7f88dfbf3451b22c5ef3c5ad78c7718f8fdf90,2934
docs/blueprint-accepted/SUNSET_ERP_CLEAN_SLATE_v1.12.0_ACCEPTED/07-backlog/01_BACKLOG_P1_P2_NAO_BLOQUEANTE.md,adaf673fda066cccdf28602c1c336caec02870eb2cee99cfb8fde586d569cdf2,1444
docs/blueprint-accepted/SUNSET_ERP_CLEAN_SLATE_v1.12.0_ACCEPTED/README.md,0b21aa0b61b11e699e5be7fab1b960102fcfff320082e40da53e9420d618a279,1236
docs/blueprint-master/00_ACCEPTED_SCOPE_AND_PRECEDENCE.md,acd739bc8d81b2c9081089d4a4b75bf08be46e2a4ed506a3d061a147a5c864f8,1030
docs/blueprint-master/01_BLUEPRINT_MASTER_ARCHITECTURE.md,83e724cc3b8f2b28875e70a1ce64b5380f00cffdda68250aa9a910e89248d35f,3402
docs/blueprint-master/02_UX_LAYOUT_SYSTEM.md,ecde0d903d972864cdfddc71f4a0547bfb78e6ddfb9f6b3c3c74d984720dab04,1797
docs/blueprint-master/03_INTEGRATION_MAP.md,a6a655bd20ffbe8a700468c06453b0999f213952cc73a29bf1932012697f0ac1,1180
docs/blueprint-master/04_PLAN_EXECUTION_MASTER.md,2d22d246d07635296c94e0ab1ac7a1cde1f1c04034f3a67a5e1e83c236e56485,1318
docs/blueprint-master/BLUEPRINT_FUNCTION_INDEX.csv,31740a8481fe49580a08c7a107ffe9906691edae48c2eb443a79d9b1239065d5,152278
docs/blueprint-master/README.md,10ccae9ceb4d077642bfe77f973a03cd1e8510f401403a4c4ce1f7c5136e519e,1616
docs/blueprint-master/modules/01_COMEX_COMEX.md,4777896588b912baae416c9338bd52c46bb247bd25918f04f6ecfed21a4d00b3,2240
docs/blueprint-master/modules/02_LANDED_LANDED_COST.md,b4168124cbcf136ae9a780e61e4665fe62c150b58b45daff304f46a89bf3b768,2122
docs/blueprint-master/modules/03_FISCAL_FISCAL.md,6826d834cc00f2fbd1d8fbe2c3f53473613d0802757d1670df026ffe4c079584,2104
docs/blueprint-master/modules/04_ACCOUNTING_CONT_BIL_FUNDA_O.md,675f22f9d8054b331164128c7b1686ab41954012d7143eb1520b57f5e40432ec,2169
docs/blueprint-master/modules/05_INVENTORY_ESTOQUE.md,e6337858f60c3efdb1823b5f9e81ac07bc24f81b8494da7d3f5922d4f02a519e,2125
docs/blueprint-master/modules/06_TREASURY_TESOURARIA.md,ca0a3f5c4a4256fbda303bbebf376f8cacc6e35c6816f30cdd9ce499506333ac,2138
docs/blueprint-master/modules/07_SALES_COMERCIAL.md,a07f36e838161e06b167d87ac81d2819feacb05d490eb92851fdef6a8fa6d1f7,2137
docs/blueprint-master/modules/08_PURCHASING_COMPRAS.md,78a626d988c55fa750d3358d6cc90c8d37716e3a5663d73d4235740cd32fc2e3,2153
docs/blueprint-master/modules/09_CRM_CRM.md,3f5ccdb473280e193c11ca4cb7bb9b57f79bcb424adb39741b172e3a6ade39ee,2086
docs/blueprint-master/modules/10_CLOSE_FECHAMENTO_CONT_BIL_TRANSVERSAL.md,31656f2a10e1a09e72520f392568b4b5e1c0569cb160d1ea35a691ba25bdeb4e,2122
docs/blueprint-master/modules/11_PLATFORM_PLATAFORMA.md,021a80b8c1db6e000aabf23b7892644625cbf653121bcf54b0298305e41eb116,2222
docs/blueprint-master/modules/12_COMP_M_DULOS_COMPLEMENTARES.md,fb039865c0a2c1147b43bde4413d9cc618f87f749375bc32665da11988b29c3f,2072
docs/blueprint-master/modules/13_QA_TESTES_MIGRA_O_E_IMPLANTA_O.md,481df78443c2f9d29f2938255e79a4c2e024a59592c78211aeecff1cae20627e,2091
docs/blueprint-master/submodules/ACCOUNTING/SM-ACCOUNTING-01_PLANO_DE_CONTAS_E_DIMENS_ES.md,dfb5544f6c46e1858770f8ba132ebab7ecf2ee72d2ab46f61e7b5cbf5367770e,3102
docs/blueprint-master/submodules/ACCOUNTING/SM-ACCOUNTING-02_MOTOR_DE_LAN_AMENTOS_E_JOURNALS.md,ea6dbe9629b03335a8df1316ba418a20b69596257b19db37a8955feae0a02f1e,3097
docs/blueprint-master/submodules/ACCOUNTING/SM-ACCOUNTING-03_MOEDAS_E_DIFEREN_AS_CAMBIAIS.md,02acd76655129214a816836209b17ac77b9576bd67940738c0367497b9b1bf3b,3085
docs/blueprint-master/submodules/ACCOUNTING/SM-ACCOUNTING-04_LIVROS_PER_ODOS_E_CONTROLES.md,1bf41531cf106328f50acc530332f85228d58007472e4c7b658952ca869c0315,3066
docs/blueprint-master/submodules/ACCOUNTING/SM-ACCOUNTING-05_RAZ_O_BALAN_O_DRE_E_DRILL_DOWN.md,d4fb5442a5768e5c171a4c6c1ce03da33e10f659928091f9eb024667f0cfb917,3075
docs/blueprint-master/submodules/CLOSE/SM-CLOSE-01_CALEND_RIO_E_TAREFAS_DE_FECHAMENTO.md,87f941ca4ed4066827c28590e3474854aa810c6ac3457d5712c0bd5eb286bc69,3024
docs/blueprint-master/submodules/CLOSE/SM-CLOSE-02_RECONCILIA_O_DE_SUBLEDGERS.md,cb46887b39aa8dfc29a54adf27ed69bba261a292a42e0846628f86f4145470b8,3049
docs/blueprint-master/submodules/CLOSE/SM-CLOSE-03_PROVIS_ES_ACCRUALS_E_C_MBIO.md,0800f495ab9435ac5ec5f6297863d6f465b8d1f7d13e4b3a87157d361ee5e3c1,3042
docs/blueprint-master/submodules/CLOSE/SM-CLOSE-04_DEMONSTRA_ES_E_PACOTE_GERENCIAL.md,2e69c2c9d25c7764592cea30cb5b3996c1d32d67694096e421492875566255f8,3057
docs/blueprint-master/submodules/CLOSE/SM-CLOSE-05_REABERTURA_AUDITORIA_E_COCKPIT.md,0eb2b792d7e6c7be8a3b69df807581a212c0fe92712cb8c4eb71ee6cb1073236,3053
docs/blueprint-master/submodules/COMEX/SM-COMEX-01_PEDIDO_INTERNACIONAL_E_PRODU_O.md,14a0e97498f03a5e5de7e2083567ca73f0a5b47a4b55218d412a4821bf55f6cd,3242
docs/blueprint-master/submodules/COMEX/SM-COMEX-02_EMBARQUE_BOOKING_BL_E_CONT_INER.md,06b77c572af9905fa21b23d5d84f4247a096414ff71e2ac8e4accae3c4d8a81d,3133
docs/blueprint-master/submodules/COMEX/SM-COMEX-03_DESPACHO_E_REGIMES_ADUANEIROS.md,018d1635093f59fef3881ff0543fadb2616c549072b48725bf94f8ad9264a9b8,3244
docs/blueprint-master/submodules/COMEX/SM-COMEX-04_DOCUMENTOS_OCR_OCORR_NCIAS_E_PRAZOS.md,151175cd45d513b92a83efef8dbfffd539bf529e2d64e151169dcd9acf3bbf28,3257
docs/blueprint-master/submodules/COMEX/SM-COMEX-05_RECEBIMENTO_DEVOLU_O_E_FECHAMENTO.md,f3f99076545faaca607957ac06cf29b4172e60f420ecea5be52bccdcddc70472,3157
docs/blueprint-master/submodules/COMP/SM-COMP-01_QUALIDADE_E_CERTIFICA_ES.md,21bed0f0f36f306e78d903c857b780085efe32bbfab1014c9e07e01d783e78f7,3041
docs/blueprint-master/submodules/COMP/SM-COMP-02_GARANTIA_RECLAMA_O_E_DEVOLU_O.md,a956d3d67ad83386669609d3fe651af4f10e0bd8fc4c60f196c64fae9299dc96,3037
docs/blueprint-master/submodules/COMP/SM-COMP-03_ATENDIMENTO_E_SLA.md,c756247c1c5a4ab797da71db7523ec943bcb7323680141bbb2a9cfd40748f19e,2961
docs/blueprint-master/submodules/COMP/SM-COMP-04_ATIVOS_MANUTEN_O_RH_E_JUR_DICO.md,dbe1250f6ba37b788e0f359ddb905ae5895771cd9a9a301076c10b33112a9913,3076
docs/blueprint-master/submodules/COMP/SM-COMP-05_BI_KPIS_E_COMPLIANCE.md,a477023ca6c02eb21a2a1c30d7e142b6d29d25df8889bf1f6c3c26e4816c6f76,3000
docs/blueprint-master/submodules/CRM/SM-CRM-01_ENTRADA_DEDUPLICA_O_E_DISTRIBUI_O_DE_LEADS.md,05d5fd8c115e7a85a8f3fd94762cecdbbb01429b892ffbe9504bcf7c1a7885ef,3074
docs/blueprint-master/submodules/CRM/SM-CRM-02_CONTAS_CONTATOS_E_CARTEIRA.md,783b1f746438adee7640a697ddf0be74ba5877e15b9a3cd156e00c1b0e248251,3059
docs/blueprint-master/submodules/CRM/SM-CRM-03_OPORTUNIDADES_PIPELINE_E_FORECAST.md,5d1bad492759131b37ba90da0b71c9a705d0bba96ed6a1965b0c56e0c1632569,2998
docs/blueprint-master/submodules/CRM/SM-CRM-04_ATIVIDADES_WHATSAPP_E_MAIL_E_TICKETS.md,d32084d34dc6d1b0b80296cd5363272b882b513a82f3fa936b67ff37cf1b1e37,2985
docs/blueprint-master/submodules/CRM/SM-CRM-05_METAS_DESEMPENHO_E_OFFLINE.md,1b35a526999988e977ae1c5a7b407a65a441e878b8ee0d3d2f32b8ebffa9df8b,3003
docs/blueprint-master/submodules/FISCAL/SM-FISCAL-01_MOTOR_TRIBUT_RIO_E_VIG_NCIAS.md,7d9f7b6e2bd66b7b97ad5f09ff20826365387e6d079e8740ac620fc6b1604c16,3057
docs/blueprint-master/submodules/FISCAL/SM-FISCAL-02_EMISS_O_SI_FACTURA_ARCA.md,56f285fef3104e23018704a0f027d045502c62798c9f8e25d2dc409a114e88d8,3095
docs/blueprint-master/submodules/FISCAL/SM-FISCAL-03_NOTAS_REMITOS_E_CONTING_NCIA.md,66ae1574d6fed4858b0281f47be153be54092425659d0e727a3ebfa65526952a,3139
docs/blueprint-master/submodules/FISCAL/SM-FISCAL-04_PERCEP_ES_RETEN_ES_E_OBRIGA_ES.md,661a483d9a95015a0c270bccc064120b2772faadb35cc58e9364e86927731937,3107
docs/blueprint-master/submodules/FISCAL/SM-FISCAL-05_RECONCILIA_O_E_AUDITORIA_FISCAL.md,921cbc6a241cef20cfdb12b4296fad0203e57cbe48d30df607b7b68b083efb4b,3064
docs/blueprint-master/submodules/INVENTORY/SM-INVENTORY-01_DEP_SITOS_POSI_ES_E_DISPONIBILIDADE.md,0366aa784d0769353b041dae04d88e035dd57a759ed512b4eac0e1702fdc73f9,3099
docs/blueprint-master/submodules/INVENTORY/SM-INVENTORY-02_RECEBIMENTOS_E_MOVIMENTOS.md,0f4aa81070c27c34507178b17b7a2c5c5332b7a6eedb8df274f65667667e5f06,3078
docs/blueprint-master/submodules/INVENTORY/SM-INVENTORY-03_RESERVA_ALOCA_O_E_FIFO.md,1508709a9cad5c13d5836324c732e91cb7942e03e92717b5d70c7702efe8137d,3042
docs/blueprint-master/submodules/INVENTORY/SM-INVENTORY-04_SINCRONIZA_O_COM_OPERADORES.md,593a7b81428c3b201040c7c275d02022dd60e514d05d5cc1a7ee6145c524ef68,3061
docs/blueprint-master/submodules/INVENTORY/SM-INVENTORY-05_AJUSTES_PERDAS_E_RELAT_RIOS.md,65ace77a4a4dabe54c9547b8fd9fc2059c636d5cfbaf6ff7983a5feb2b62240a,3043
docs/blueprint-master/submodules/LANDED/SM-LANDED-01_CAT_LOGO_DE_COMPONENTES_E_ELEGIBILIDADE.md,15b61b1197cc31ed2a795e9e61899d383d37a8ea1c76a964dd54f75c532360e2,3246
docs/blueprint-master/submodules/LANDED/SM-LANDED-02_POOLS_PROVIS_RIOS_E_DOCUMENTOS.md,47682b873872f25e15f44ca2cd89cfd0a51f7c37a88425de2c681700c8146af3,3100
docs/blueprint-master/submodules/LANDED/SM-LANDED-03_RATEIO_E_SIMULADOR.md,54f206f74ca3fbd1569dcab2239de32cb1c12f6afb0c0ac4bdaf8561b07a1996,3054
docs/blueprint-master/submodules/LANDED/SM-LANDED-04_APLICA_O_A_ESTOQUE_E_MARGEM.md,6bc8e1587976a346ad7a27559761e0a69072b2f0d07485f60ae1b1a210b504e9,3107
docs/blueprint-master/submodules/LANDED/SM-LANDED-05_CUSTOS_TARDIOS_E_RECONCILIA_O.md,8ac8cef02f3bd2794ea3bc38b6897852dcad020f3042d6ddef667a2c1bb4f998,3120
docs/blueprint-master/submodules/PLATFORM/SM-PLATFORM-01_IDENTIDADE_RBAC_E_ESCOPOS.md,efb0bb45594bc0cf8b64593894c3ee3efca8e40bacd577dc9107e9b356afc454,3106
docs/blueprint-master/submodules/PLATFORM/SM-PLATFORM-02_APROVA_ES_OVERRIDE_AUDITORIA_E_PAR_METROS.md,c09d5ebd4e3b69e7dd183f975990a14fe493f8b8265d1600394752f39e5aa7b0,3156
docs/blueprint-master/submodules/PLATFORM/SM-PLATFORM-03_DOCUMENTOS_OCR_BUSCA_E_NOTIFICA_ES.md,c182eb221a02481fa649868f883432a3c76e0472e17413ead1758c17a40ace10,3086
docs/blueprint-master/submodules/PLATFORM/SM-PLATFORM-04_DESKTOP_OFFLINE_E_SINCRONIZA_O.md,8e6c0f6d99da6f71bdebf4f25c291dcde89aec96f7f041218d43c7cfd762a147,3070
docs/blueprint-master/submodules/PLATFORM/SM-PLATFORM-05_APIS_JOBS_OBSERVABILIDADE_E_CONTINUIDADE.md,abe852287ea0ca6970968e407fe2474250134b406e591a1a3a1dfd866dd79197,3115
docs/blueprint-master/submodules/PURCHASING/SM-PURCHASING-01_REQUISI_ES_E_COMPRAS_EMERGENCIAIS.md,80deb7d3267b5e775e1a3013e57a3302a9105afa7b1356c129c11c7ee7614fc0,3102
docs/blueprint-master/submodules/PURCHASING/SM-PURCHASING-02_COTA_O_E_PEDIDO_DE_COMPRA.md,0e14431b47464a9c8c852b9a26ed8fc308107a54f4cb6ecacbc7ee264d26885f,3039
docs/blueprint-master/submodules/PURCHASING/SM-PURCHASING-03_RECEBIMENTO_DE_BENS_E_SERVI_OS.md,93329203bb3d8e647d4cceaf078f76d144cc33f5ad82ee2b3135e9f708a3a5b6,2983
docs/blueprint-master/submodules/PURCHASING/SM-PURCHASING-04_FATURA_E_CONTAS_A_PAGAR.md,14e0abe6a2e37d72c4bcb3dfc4bae88d0f0dd8b7851ee130954e7bec5a9e24fd,3071
docs/blueprint-master/submodules/PURCHASING/SM-PURCHASING-05_CONTRATOS_REPOSI_O_E_AN_LISE.md,cc9f3f455cf6753a5d7e7548b6497c4ef83fbb81d238da35f211be7e342acecc,3058
docs/blueprint-master/submodules/QA/SM-QA-01_ARQUITETURA_DE_TESTES_E_QUALITY_GATES.md,4865535088f7dc299d2b2dd5529e345f531f0fd243598c1ff487e15d729f21cf,3065
docs/blueprint-master/submodules/QA/SM-QA-02_MIGRA_O_E_RECONCILIA_O.md,2c22934efda2f0310a2a3dd88f462a8d6bdb4d927cc66decad998239d62993d8,3018
docs/blueprint-master/submodules/QA/SM-QA-03_RELEASE_CUTOVER_E_ROLLBACK.md,5a79f09e367cbc859d0063015797fe6596aa9502a0db76f086edcec226e33e5a,2970
docs/blueprint-master/submodules/QA/SM-QA-04_CARGA_SEGURAN_A_OFFLINE_E_DR.md,d68e9118f8f567239e6e25e98349a574bb7e7be62919f6126c98f34d58b8bb18,2978
docs/blueprint-master/submodules/QA/SM-QA-05_HYPERCARE_TREINAMENTO_E_INCIDENTES.md,47dfdfdf2f900d504b6861d36dbae64982154ffaa4565ca63d43d442d4cc91c3,2997
docs/blueprint-master/submodules/SALES/SM-SALES-01_PRE_O_CAT_LOGO_E_MARGEM.md,ea690420c1bd08ae188977fc0ac60c351f16cbd19460a474488ebd7f019fbabb,3030
docs/blueprint-master/submodules/SALES/SM-SALES-02_OR_AMENTO_E_DESCONTO.md,caf653cd69513f396fae31ae406dc1c0b2bee228d5c30a9e04d7a60f1cf71998,2966
docs/blueprint-master/submodules/SALES/SM-SALES-03_PEDIDO_RESERVA_E_DISPONIBILIDADE.md,e0060943da2a94bcb3e8a01a1b8d26e01f93a64cfd9e5ff836103c0edf9a91bf,3028
docs/blueprint-master/submodules/SALES/SM-SALES-04_FATURAMENTO_PAGAMENTO_E_LIBERA_O.md,9b89af01fe913814314d4ed03add624e38be8d7169c4388cf8db53fae512e1ae,3063
docs/blueprint-master/submodules/SALES/SM-SALES-05_ENTREGA_DEVOLU_O_E_COMISS_O.md,3de1fff0f9dfe9be3a11cec25e294bd3f8999f9b057dcd0dbcfad0fad1e71cf4,3096
docs/blueprint-master/submodules/TREASURY/SM-TREASURY-01_CONTAS_BANC_RIAS_E_POSI_O_DE_CAIXA.md,8fb7290831bdce261f0a8f5153bf2b83f44a16f9dfaccbd44410299a298c1f99,3068
docs/blueprint-master/submodules/TREASURY/SM-TREASURY-02_PAGAMENTOS_E_TERCEIROS_PAGADORES.md,413ea4918c346e4cb08a16607f99c7df86e3aa2a302f6ed60927df4e45ec89a2,3076
docs/blueprint-master/submodules/TREASURY/SM-TREASURY-03_RECEBIMENTOS_E_MEIOS_DE_PAGAMENTO.md,29e07a614ac0e6c5c8cfd828f33df2dcebfdcd55f4b1a254b237891fb5bba692,3110
docs/blueprint-master/submodules/TREASURY/SM-TREASURY-04_C_MBIO_EMPR_STIMOS_E_APORTES.md,a9726577507a67e8cff2efc7a52cb886b75f360e3bcec47ee3939bb90b41ed15,3096
docs/blueprint-master/submodules/TREASURY/SM-TREASURY-05_CONCILIA_O_E_PREVIS_O_DE_CAIXA.md,f3d1078ffc46930943e632b567e87b8984bedf4b40e939771d2fa01536de22d3,3098
docs/catalog/SUNSET_ERP_CATALOGO_COMPLETO_MODULOS_SUBMODULOS_FUNCOES_v1.0.md,a4d440ce35c221e2f3f3aa202de9f18e3810ed66b5ff96b84f993b4990055d92,43693
docs/catalog/SUNSET_ERP_CATALOGO_FUNCOES_v1.0.csv,dac93503b78b4a06806ac85d8dc86628eca65d46a86becbb3bbff574a8178487,70734
docs/codex/01_APP_VS_VSCODE.md,33536e5dd1ddb44be9e4d93c44df1271d2d5aa39080930e059d3100a705462c4,841
docs/codex/02_PLAN_MODE.md,a3ecf5be9d3d400c82afab13959d58294a2ce190a24212cd7e36add5b9836bdc,822
docs/codex/03_CONFIGURACAO_SEGURA.md,390eec92e0c728f35323e26c26d32cde5c25073990b950bf3f492c1c1ce80223,864
docs/codex/04_WORKTREES_E_PARALELISMO.md,d78508192bff94bda87df870924a35d3f6ea30ccc5ab9ae282451ef96e99603e,804
docs/codex/05_FLUXO_DE_UM_PR.md,df9954ac337e19fe38efdc6d11cce96fbbf33b893f3b3a4106a4dd08abdbd99f,676
docs/codex/06_SECRETS_DEPLOY_E_AMBIENTES.md,bfdb08e384c2730ac9c42d98eede1b3e1c5c41158ace1a5b3b0acb9c27afe0cd,699
docs/codex/07_CHECKLIST_DIARIO.md,170cb946c794e8135fa222fb748eae9395bdab64f7f69d31650a21de7ed928cb,409
docs/execution/00_BUILD_ORDER.md,e42ae274b5d8653c748a31697412198ede369864750f40567b0a2423770cc5f5,1196
docs/execution/01_BOOT_01.md,7d1d0f1c7ee8e142cc9ed3a725e25e8cf2bd8a6c33f6996ce48e3c08419479bb,686
docs/governance/ACCEPTANCE_LEDGER_71500.csv.gz,ca2a5623ca86e13aa1459fbe36021cdecfe96136760ba76e038f0aad501d35e2,3150453
docs/governance/ACCEPTANCE_MANIFEST.json,c283d151593573cebdfde561dd7b9d2cad765038e7593238e73c757b4ff4b1d3,702
docs/governance/ACCEPTANCE_REGISTER.md,fd20a26a62a41120be5310d25958b24f0860410bf552c4bd4888c3fb58e663b2,896
docs/governance/DECISION_PRECEDENCE.md,354e8cda9765012f2875e581ee057fd8f2f3c3697a80531912296d0f52ac70c1,1494
docs/governance/SOURCE_PROVENANCE.md,cd62e55d4e619edd64715bb2686170dd3ce60dfb7ed8ecf67d8887fd18130db7,289
docs/reference-inputs/02_RODADA_2_MDM_ORGANIZACAO_TERCEIROS_DEPOSITOS(2).md,ff22217c8d1afd9dd1241d06d7dba21bab1d583cc46a0bf2c7a1b769b5007086,8271
docs/reference-inputs/10 11 2025 | BP SUNSET SAS | DÓLAR(1).xlsx,89381d95b4458169ca306536cf1bc51eab5a12c25d5ac49b015e25914dacf957,49126
docs/reference-inputs/Design-sem-nome-2-768x449.png.webp,e7a8f33858584d5ecbb4668611d2707a8a00288af03ad473c7582ea2f4971465,12986
docs/reference-inputs/Fechamento_2A.md,416398f04bee1293e6e6be0bd8856e0d064e081d9d0357361fbd1f9ba37e5a9b,2456
docs/reference-inputs/README.md,3f41f96e01c88649c8e83988e8b6c5ab2e41f8a9aacc38e4ff7a223621c7521c,547
docs/reference-inputs/Respostas CHATGPT.md,3b4b3ae4b1b05779488cb9a6d4634599cc6c9fb1405ca9f5a75f830c9506b04f,7561
docs/reference-inputs/Rodada 1.md,883347f995b36f462f79fb64c0f1f665468b447a77047c7842a0a0a25005baee,9503
docs/reference-inputs/Rodada 2.txt,8ee5ff6117a77434cc07eefc22d41577c5b1d403b02bb6f9a87fe71e928fb6f6,2730
docs/reference-inputs/Rodada_1B.txt,a93bc4d74828d527732bcad82087671ca1fbccd76d12efc6280f76864a69910d,2108
docs/reference-inputs/Sales-Formula-3.4.png,e7629027cdbc9118656c6e0e3f3843f85e00056de44c9ff6057219524fc37b9e,67112
docs/reference-inputs/WhatsApp Audio 2026-07-11 at 02.40.34.txt,d22b36e4cc9f56198f59b8eca209c6a72d76cad9d9ae9aaf3498c72d85d4f8f7,7144
docs/reference-inputs/bp_preview.png,0af196ed047e7121186da85b3ad03269d7197bb07a55e46fd6341b48c63cfc76,607717
docs/reference-inputs/thmb-1180-crm.jpg.jpg,9bef79a501a19929e0e7ccfac58cd8e398c9f4186a6a0f4581eca6365aeddb77,205848
docs/reference-inputs/thmb-1180-general-ledger.jpg.jpg,08fdb29046428cbe11fc960afeb9b7e083a6145e28b415bed84c966de2951ed1,244167
docs/reference-inputs/thmb-1180-global-business-management.jpg.jpg,06d08507390ccf491e09251381753c8f6e766e964cc6ac044db382c2e8e13fc5,214550
docs/reference-inputs/thmb-1180-sales-order-management.jpg.jpg,7595aa4ab3650428386dbedae307a2766e6e4057a01c7e81635edbd9c25651bb,123284
docs/reference-inputs/thmb-reporting.png.jpg,dbfe78de84f7a5ccc9aea964cb7dcaea9cfc3c9d01f2c41d6a2e89d4dfa1a35c,106413
docs/reference-inputs/thmb-sales-forecast.png.jpg,73e05bfda68d7a911818332b6a3c002af1e476d6c7cf33d6b3a7007b58e59162,117010
docs/requirements/PR_SLICE_CATALOG.csv,fe400c2565da88942199f44931e122e8c58d4d2c5f6b7815bbef539e59c6428c,8007
docs/requirements/pr-programs/ACCOUNTING/PR-ACCOUNTING-01/00_CONTROLLER.md,9e4b43f1f7e50bc1a564e8253e2f0cea499e2edb5685d3e9a5098f15d8e7e311,2813
docs/requirements/pr-programs/ACCOUNTING/PR-ACCOUNTING-01/PR-ACCOUNTING-01-S01.md,0d2e0d874fb61e52c0a10a3203d70f6c60493d2e8aeeea7a4bfb9d20fe34479d,89914
docs/requirements/pr-programs/ACCOUNTING/PR-ACCOUNTING-01/PR-ACCOUNTING-01-S02.md,c55e654746448580b81e6159bd51ae25d0c868febb988e3b1fe06d1294e16454,89874
docs/requirements/pr-programs/ACCOUNTING/PR-ACCOUNTING-01/PR-ACCOUNTING-01-S03.md,a3d2c068995e555a94113944356fa068d1e86c80f6ec393abd3742f779ad5a0c,90534
docs/requirements/pr-programs/ACCOUNTING/PR-ACCOUNTING-01/PR-ACCOUNTING-01-S04.md,97b7f9b40d56fbc81c913d66abebc47c19ea91af80b1e5d253bb9a9abb49469c,90864
docs/requirements/pr-programs/ACCOUNTING/PR-ACCOUNTING-01/PR-ACCOUNTING-01-S05.md,0fe2c387ec800029af34f706a5d49fb2359a8b2ce41f7eb21f31dc79d16e571b,90674
docs/requirements/pr-programs/ACCOUNTING/PR-ACCOUNTING-01/PR-ACCOUNTING-01-S06.md,40a2d6265c91548da2bdeb3f96a79777177bdd9689bd959f482104e4078ad944,89414
docs/requirements/pr-programs/ACCOUNTING/PR-ACCOUNTING-01/PR-ACCOUNTING-01-S07.md,316eca3481b50f583e4380f5830c681080677f2dbfa12ad85c56fe43e83b46df,90814
docs/requirements/pr-programs/ACCOUNTING/PR-ACCOUNTING-01/PR-ACCOUNTING-01-S08.md,db2a4b00e72e338bf87059cc3f466b63c616b210d2edd99d45ef423cd4cada01,91204
docs/requirements/pr-programs/ACCOUNTING/PR-ACCOUNTING-01/PR-ACCOUNTING-01-S09.md,dd5864ff1b184fcf799fbd1f7073c7173f32265d6894ad8eabaf014a128b0344,90744
docs/requirements/pr-programs/ACCOUNTING/PR-ACCOUNTING-01/PR-ACCOUNTING-01-S10.md,5b9c63fe1df7545a61da9cbcc36622e104b5d23e2174f9945ca0f2939b312d03,91554
docs/requirements/pr-programs/ACCOUNTING/PR-ACCOUNTING-02/00_CONTROLLER.md,c8626e6c0c0a7c6cf3c4f054b7e3dabd2401c44acd6d635b9345b03aae85aab7,2821
docs/requirements/pr-programs/ACCOUNTING/PR-ACCOUNTING-02/PR-ACCOUNTING-02-S01.md,dd0a144336326e2cc46b897e505f9fd7022c67f76422d67a9c2d98cf3aee80ef,90422
docs/requirements/pr-programs/ACCOUNTING/PR-ACCOUNTING-02/PR-ACCOUNTING-02-S02.md,cdd6b9b1e53ee8b430fb073775448bb1e0e9c34f160f93f978b0876d319b70f8,90382
docs/requirements/pr-programs/ACCOUNTING/PR-ACCOUNTING-02/PR-ACCOUNTING-02-S03.md,59099c55ae30b32498be534ebabfd0a31f90cbcaf5f62c7d0b701ba150718b3e,91042
docs/requirements/pr-programs/ACCOUNTING/PR-ACCOUNTING-02/PR-ACCOUNTING-02-S04.md,acb6ce2d440ae43296f5d944a16c00b89f0c29458ae93b97a18bc409be822c76,91372
docs/requirements/pr-programs/ACCOUNTING/PR-ACCOUNTING-02/PR-ACCOUNTING-02-S05.md,1d20e694a33ed4de31facab572b499f60a1e0263dc5a8a4fe583f0154558965d,91182
docs/requirements/pr-programs/ACCOUNTING/PR-ACCOUNTING-02/PR-ACCOUNTING-02-S06.md,df8ab94621153e44ba915ede9f23953a5143fa29defdc44b6fe0045547eae923,89922
docs/requirements/pr-programs/ACCOUNTING/PR-ACCOUNTING-02/PR-ACCOUNTING-02-S07.md,62b33fdbb8f171e43a0a234a20ae6f765a1111d57d1ea440b046065dfd4b736c,91322
docs/requirements/pr-programs/ACCOUNTING/PR-ACCOUNTING-02/PR-ACCOUNTING-02-S08.md,a689045a6fec7479eb43de5489f436efd4640ef76541bd97f2de905411915188,91712
docs/requirements/pr-programs/ACCOUNTING/PR-ACCOUNTING-02/PR-ACCOUNTING-02-S09.md,1032292c22fbcb45cf1ce1543c9dad5a7b8ec67d8f9c54b90cce3543e0d87dfb,91252
docs/requirements/pr-programs/ACCOUNTING/PR-ACCOUNTING-02/PR-ACCOUNTING-02-S10.md,d44527357be22bec560ba7c208ea88509d9669142d7c304c1f030f270e45c011,92062
docs/requirements/pr-programs/ACCOUNTING/PR-ACCOUNTING-03/00_CONTROLLER.md,112d0de03023d1491512954378bb48827dc08996ef313491a98aa47b5ff28cb1,2815
docs/requirements/pr-programs/ACCOUNTING/PR-ACCOUNTING-03/PR-ACCOUNTING-03-S01.md,fff33f0c9cf6d4e8279ec9325a6b732abf674a924861b0e8e66eab8ec55f500a,90216
docs/requirements/pr-programs/ACCOUNTING/PR-ACCOUNTING-03/PR-ACCOUNTING-03-S02.md,1b5fb0f19be948ccd3ad237d93da61d990e019445f8d6c9e95c36e435bfb7c0d,90176
docs/requirements/pr-programs/ACCOUNTING/PR-ACCOUNTING-03/PR-ACCOUNTING-03-S03.md,d25c023f8bd72c0befaa2a46a7dfb5ecf31c6b2ba8362515e511951b140ccb4c,90836
docs/requirements/pr-programs/ACCOUNTING/PR-ACCOUNTING-03/PR-ACCOUNTING-03-S04.md,6272fc5940662282cc40dd21cc0dd33740341c8ea329b08588f64a9beab7578a,91166
docs/requirements/pr-programs/ACCOUNTING/PR-ACCOUNTING-03/PR-ACCOUNTING-03-S05.md,48396fdceb936c451dd1155101e696fb6c87fe58d47119d6db3ead4e93997bc7,90976
docs/requirements/pr-programs/ACCOUNTING/PR-ACCOUNTING-03/PR-ACCOUNTING-03-S06.md,862cfad3011b4b80a09d206e4c6137b390881a1be725a222a1ffa7b0d5e1e0f0,89716
docs/requirements/pr-programs/ACCOUNTING/PR-ACCOUNTING-03/PR-ACCOUNTING-03-S07.md,a397be20e26693405af4f7653e9ef9bc64e669593dfdb8801a4b645b7459dba4,91116
docs/requirements/pr-programs/ACCOUNTING/PR-ACCOUNTING-03/PR-ACCOUNTING-03-S08.md,c1786cb688da374af15271393660d2dda54e2df051364c4d3e1f4d69e87582fd,91506
docs/requirements/pr-programs/ACCOUNTING/PR-ACCOUNTING-03/PR-ACCOUNTING-03-S09.md,e6ae17b3ded73d4f5a6ae3d3d2c199cef6f26304a09165c28baf60e57796b39f,91046
docs/requirements/pr-programs/ACCOUNTING/PR-ACCOUNTING-03/PR-ACCOUNTING-03-S10.md,dea5c951a3e6e2bd60da6132286ca1d7d14903d3990c897c0cdca338dd218835,91856
docs/requirements/pr-programs/ACCOUNTING/PR-ACCOUNTING-04/00_CONTROLLER.md,eb1a3cfb6243379370ad48caeeacfa22e0a86cd0e4573218d34a494cefe33f32,2814
docs/requirements/pr-programs/ACCOUNTING/PR-ACCOUNTING-04/PR-ACCOUNTING-04-S01.md,13a92dc3f46d7c9bc5207cd7c3b61251e4ac070fa27d0778fe22d8a0c1b797b7,90115
docs/requirements/pr-programs/ACCOUNTING/PR-ACCOUNTING-04/PR-ACCOUNTING-04-S02.md,dadf01fe29b7c0106a3c2bb806918d28b88b00aa79c6dff7bcba88c38ba04ea7,90075
docs/requirements/pr-programs/ACCOUNTING/PR-ACCOUNTING-04/PR-ACCOUNTING-04-S03.md,d36131f70d57dee29c223bb3590e1ee4eee5a95a4d79db62cf74c6ffbec3019e,90735
docs/requirements/pr-programs/ACCOUNTING/PR-ACCOUNTING-04/PR-ACCOUNTING-04-S04.md,c27cdee904923163663ac5d5029c553ab2c165fc9b7508b9f2f6109f0111ee53,91065
docs/requirements/pr-programs/ACCOUNTING/PR-ACCOUNTING-04/PR-ACCOUNTING-04-S05.md,ec3edbc5cbd3111a07b26c97d1d2b6e38e6c52a92f9ea7427f4ef3d203e81b2a,90875
docs/requirements/pr-programs/ACCOUNTING/PR-ACCOUNTING-04/PR-ACCOUNTING-04-S06.md,32073476459a5b54b6bf60fecbbbcd2ce831de792d5f293a84b4c1234a214665,89615
docs/requirements/pr-programs/ACCOUNTING/PR-ACCOUNTING-04/PR-ACCOUNTING-04-S07.md,59f4845890be4c197336a5c25de59968488712900b85f09a74efb6eeaff9b2e6,91015
docs/requirements/pr-programs/ACCOUNTING/PR-ACCOUNTING-04/PR-ACCOUNTING-04-S08.md,ab82dc6ca2cc04a6477aa3b97d3edbd975a4e2f7866e9a352dcb957c1b70752d,91405
docs/requirements/pr-programs/ACCOUNTING/PR-ACCOUNTING-04/PR-ACCOUNTING-04-S09.md,7cca9b4fc9150c4da24f0ae50d801885dbb1901719989c5b58f589f2b77755d1,90945
docs/requirements/pr-programs/ACCOUNTING/PR-ACCOUNTING-04/PR-ACCOUNTING-04-S10.md,6afbd328c98d2578cd2bb3bdc52f361b62e1a62b7449269735be2ab39b7c7357,91755
docs/requirements/pr-programs/ACCOUNTING/PR-ACCOUNTING-05/00_CONTROLLER.md,17fad9885f6d1f39db6d2b9da723006c651489dcb81053ccf2cf1cd6f431c51e,2822
docs/requirements/pr-programs/ACCOUNTING/PR-ACCOUNTING-05/PR-ACCOUNTING-05-S01.md,5ae7bab78c95180dd5d780bd21b01b65ca22fe050ad135a56ec36108559c37f2,90473
docs/requirements/pr-programs/ACCOUNTING/PR-ACCOUNTING-05/PR-ACCOUNTING-05-S02.md,5c316d8f24dd08ac5091f552835fdc64dc48046b965afd96a113bba81e1d2af6,90433
docs/requirements/pr-programs/ACCOUNTING/PR-ACCOUNTING-05/PR-ACCOUNTING-05-S03.md,7c6cdeab29aaa8945c97962a7972a35f3393907e0d5cb56457fc055c9352ca67,91093
docs/requirements/pr-programs/ACCOUNTING/PR-ACCOUNTING-05/PR-ACCOUNTING-05-S04.md,aae04638ef620e5ea562ce25c1ed833f3cf87fecb7122d0065cac38b490c0ff6,91423
docs/requirements/pr-programs/ACCOUNTING/PR-ACCOUNTING-05/PR-ACCOUNTING-05-S05.md,937a9b182418314928df3f6e46220d7ba70559cb24b2e59c4bff42ea73942cd0,91233
docs/requirements/pr-programs/ACCOUNTING/PR-ACCOUNTING-05/PR-ACCOUNTING-05-S06.md,01267001c9950311930fafd7d1e08df4926e525e906f6e2779f4261698b38ed6,89973
docs/requirements/pr-programs/ACCOUNTING/PR-ACCOUNTING-05/PR-ACCOUNTING-05-S07.md,ed744a0a04ae3e181742d675e56c9cdb80e8c1e4ef597b1b9c5d3216c76c8291,91373
docs/requirements/pr-programs/ACCOUNTING/PR-ACCOUNTING-05/PR-ACCOUNTING-05-S08.md,c1fc8b3f57dae5e7ce53de10584a0647469eeb6922ea4a6761708a254ab8601e,91763
docs/requirements/pr-programs/ACCOUNTING/PR-ACCOUNTING-05/PR-ACCOUNTING-05-S09.md,5d9438fdbe9be30567d71128517fc6c3ad6658012b9fa7fa34d0eb02c3d17a3b,91303
docs/requirements/pr-programs/ACCOUNTING/PR-ACCOUNTING-05/PR-ACCOUNTING-05-S10.md,e0830a0c00d8b2b208a09fb0ef9092e984e21ac09b5bf930f99e84d00d2e8d18,92113
docs/requirements/pr-programs/CLOSE/PR-CLOSE-01/00_CONTROLLER.md,249be4e1e2074e2f512899e034892a97ee286bfca5226f7eb13984349dbb0c26,2502
docs/requirements/pr-programs/CLOSE/PR-CLOSE-01/PR-CLOSE-01-S01.md,502b902ae253cfacd6d77e1a683c57507b87c5eaa2de252b8d1f5cf048f6141e,89433
docs/requirements/pr-programs/CLOSE/PR-CLOSE-01/PR-CLOSE-01-S02.md,cf1f2c1ca484efdd6d34a947945d77cb08863122bf7b9c6090e1c00f635cc9fb,89393
docs/requirements/pr-programs/CLOSE/PR-CLOSE-01/PR-CLOSE-01-S03.md,5e637280b8cffc86907ec8060480d2877b162389daa2e2d735fa22dbd66ce367,90053
docs/requirements/pr-programs/CLOSE/PR-CLOSE-01/PR-CLOSE-01-S04.md,ba1c3bd5a16ec28d4247b1a6bcf9e49b0b10fdf72fac9026e1c2e0b1e43c146d,90383
docs/requirements/pr-programs/CLOSE/PR-CLOSE-01/PR-CLOSE-01-S05.md,99b02282a0aff312046583c1f5a595d0c92c61cc9c324452cd0271265e38dc5f,90193
docs/requirements/pr-programs/CLOSE/PR-CLOSE-01/PR-CLOSE-01-S06.md,6fd566ff5af7dd485a4f7749b1395a20594e144b12f3d1df39264586c3defaeb,88933
docs/requirements/pr-programs/CLOSE/PR-CLOSE-01/PR-CLOSE-01-S07.md,a8774c9153686599ec06b14291171a75d321b864d971d37690ea9e8c48767da3,90333
docs/requirements/pr-programs/CLOSE/PR-CLOSE-01/PR-CLOSE-01-S08.md,9f01b31422a41cef4d10d0e77df0da96361bbb615496dcd4fa542a85108b340e,90723
docs/requirements/pr-programs/CLOSE/PR-CLOSE-01/PR-CLOSE-01-S09.md,3d388520c1bce6ebfaaad00b0a926975f2d96ec80a4f89828c0d736dc5420d63,90263
docs/requirements/pr-programs/CLOSE/PR-CLOSE-01/PR-CLOSE-01-S10.md,3af8b13dcf379f1586f69e4be39e603c352e3904f1b311dae4e67932d1ccb921,91073
docs/requirements/pr-programs/CLOSE/PR-CLOSE-02/00_CONTROLLER.md,80a8a9dff7c35d2556c42d2e26a71d721141bb98cc92785d63dccccd5cf7b480,2489
docs/requirements/pr-programs/CLOSE/PR-CLOSE-02/PR-CLOSE-02-S01.md,7f9014d639340fa91ba2b2ba0e759f2c6a11e257683ae77cc10de0855e991fbc,89370
docs/requirements/pr-programs/CLOSE/PR-CLOSE-02/PR-CLOSE-02-S02.md,adcd7e37cc6a80de75c82b10b514b9f6434f9d174ab45bd61383e1a46c472606,89330
docs/requirements/pr-programs/CLOSE/PR-CLOSE-02/PR-CLOSE-02-S03.md,abfd4415c9f42803b5d8ce3de3b9840453243842dbdbdfd5348e688ef104bf3b,89990
docs/requirements/pr-programs/CLOSE/PR-CLOSE-02/PR-CLOSE-02-S04.md,db654a0bb839aaed500d3ab78dfdf5d154bbc68cdf7c16f14d9905dcb552386b,90320
docs/requirements/pr-programs/CLOSE/PR-CLOSE-02/PR-CLOSE-02-S05.md,0333cff34d83278928bdd499b286c90db6ed0adbad568abee61af92728dd78d5,90130
docs/requirements/pr-programs/CLOSE/PR-CLOSE-02/PR-CLOSE-02-S06.md,a2c09a2cc909c9d952d47c0577a19a936dbc969d9175896550127c62d210deb1,88870
docs/requirements/pr-programs/CLOSE/PR-CLOSE-02/PR-CLOSE-02-S07.md,7a51453c42ae0a051e05c801ea63f4d4fb7b92d13d39d48a1649580d6c80a901,90270
docs/requirements/pr-programs/CLOSE/PR-CLOSE-02/PR-CLOSE-02-S08.md,dc1fdec59661005d051332c08fb6e18446a129216557904cee188429bc32c3cf,90660
docs/requirements/pr-programs/CLOSE/PR-CLOSE-02/PR-CLOSE-02-S09.md,b335d0999cb54be2529dad47fbec3688f8619eadb5d959c30b426c95ccdbd6da,90200
docs/requirements/pr-programs/CLOSE/PR-CLOSE-02/PR-CLOSE-02-S10.md,ae4c89572051326fb3dbb69e8b1533b8029c3021051ef94506b68f148e51b86c,91010
docs/requirements/pr-programs/CLOSE/PR-CLOSE-03/00_CONTROLLER.md,336e8e468ff6489f8486a0959a185a2af06de3e9959e3fcb57740d4d9f7bab0b,2490
docs/requirements/pr-programs/CLOSE/PR-CLOSE-03/PR-CLOSE-03-S01.md,82fc80ef6582713f0252bcc3901883c2423352b458a9ffcbb88d42d8d1dfd676,89171
docs/requirements/pr-programs/CLOSE/PR-CLOSE-03/PR-CLOSE-03-S02.md,1be03f457f043b8b14943b7a4db8990b093c884e14d284949869a1e533230166,89131
docs/requirements/pr-programs/CLOSE/PR-CLOSE-03/PR-CLOSE-03-S03.md,26100fabed3b6fe63ec3bc823dddb51f85387a43811cdef72569312daa0be352,89791
docs/requirements/pr-programs/CLOSE/PR-CLOSE-03/PR-CLOSE-03-S04.md,41d792ca91c4fe5dcc23edcb8f44c704de0f48709e5790887495097a53f26571,90121
docs/requirements/pr-programs/CLOSE/PR-CLOSE-03/PR-CLOSE-03-S05.md,0ef91e01606d6e3d7f82fe9a6f3f66205b72ba7782a63ee047423d48740d7625,89931
docs/requirements/pr-programs/CLOSE/PR-CLOSE-03/PR-CLOSE-03-S06.md,0551b0ab5682bd8aad47146fb20a95db00b746c28307c3ba1382d15cff3171eb,88671
docs/requirements/pr-programs/CLOSE/PR-CLOSE-03/PR-CLOSE-03-S07.md,3126a322b0416e9731e49ca65353ec90c4a9a86a7a95367b000244fc759ddc28,90071
docs/requirements/pr-programs/CLOSE/PR-CLOSE-03/PR-CLOSE-03-S08.md,6fb6280aa1e79bcb7f876a12a0f491162e4b8b2232131e2edcb71f6f8bbab0db,90461
docs/requirements/pr-programs/CLOSE/PR-CLOSE-03/PR-CLOSE-03-S09.md,18a8fa65cc7b0465f10dd34f8197d109282a4bb2ac153b514d5a61e46eb2d8be,90001
docs/requirements/pr-programs/CLOSE/PR-CLOSE-03/PR-CLOSE-03-S10.md,ce9b0af0a13bd117f5ecfd336ba758425b41b4b9777d7290dfd653310d1ce019,90811
docs/requirements/pr-programs/CLOSE/PR-CLOSE-04/00_CONTROLLER.md,626d223a17dbce88f24eb1282845a4abd3395953ec888fb77f27e18fb80b523a,2499
docs/requirements/pr-programs/CLOSE/PR-CLOSE-04/PR-CLOSE-04-S01.md,f513d072f83dd02df5085a14af60942607da1545bff2378395e1cdbf65cc2e30,89380
docs/requirements/pr-programs/CLOSE/PR-CLOSE-04/PR-CLOSE-04-S02.md,f3a3accd0f5ab499f5be782f296b602e9b34b663cfbda89d22658003f837c0aa,89340
docs/requirements/pr-programs/CLOSE/PR-CLOSE-04/PR-CLOSE-04-S03.md,1771096bedb447e185e7f5b698c150859e3e1993ed604a64e2be0e03f6e5b66a,90000
docs/requirements/pr-programs/CLOSE/PR-CLOSE-04/PR-CLOSE-04-S04.md,bc737d2f8f362074febabf6fede6c7b64b7fcc11fccc921a1170fcb4d2f34923,90330
docs/requirements/pr-programs/CLOSE/PR-CLOSE-04/PR-CLOSE-04-S05.md,43ef67912b38b54f5794190ebe301748b0dfb3d86c67d6df625e65c0a5648760,90140
docs/requirements/pr-programs/CLOSE/PR-CLOSE-04/PR-CLOSE-04-S06.md,0a7f9c87b6eca29154f98d297ef53f3895a85ceaee52ade8abcc52374b269854,88880
docs/requirements/pr-programs/CLOSE/PR-CLOSE-04/PR-CLOSE-04-S07.md,47d39a775e86bd31ad56ae91dbd173000cfd53a6d2d02154eb41c0334b1d38a8,90280
docs/requirements/pr-programs/CLOSE/PR-CLOSE-04/PR-CLOSE-04-S08.md,6fbe0248d89326652bc310cd74931c217561c343469018afcf2be4a2b0f09212,90670
docs/requirements/pr-programs/CLOSE/PR-CLOSE-04/PR-CLOSE-04-S09.md,d470ce45328fbafdb74eb2025d002a38ab37eaf9cc34cb0e801daf4ee3dcedc1,90210
docs/requirements/pr-programs/CLOSE/PR-CLOSE-04/PR-CLOSE-04-S10.md,76b42505da894eb9607cc638d08d0bfe18e7117332683a77f9e22751b322df2a,91020
docs/requirements/pr-programs/CLOSE/PR-CLOSE-05/00_CONTROLLER.md,48d9419e8146b161bbe9fca29f587698d6be8fe4c5131838ad6aa63eadc47092,2494
docs/requirements/pr-programs/CLOSE/PR-CLOSE-05/PR-CLOSE-05-S01.md,d6aa360dad5855ea3d109cfc3ec194641956ad3a3e814ee9591af1c7f133f9cd,89025
docs/requirements/pr-programs/CLOSE/PR-CLOSE-05/PR-CLOSE-05-S02.md,4628bd24b091299a759f772cc5977367ef65ff7a558e6336170da908308e2da0,88985
docs/requirements/pr-programs/CLOSE/PR-CLOSE-05/PR-CLOSE-05-S03.md,857db45bdc768bb463d561c9eb9a083cd5baf114e76a7cad14edb03063d58dd3,89645
docs/requirements/pr-programs/CLOSE/PR-CLOSE-05/PR-CLOSE-05-S04.md,30df7d30f35b74d423437a5cc76b08a3bb2624d2a572254cfed4961b20e2a4b1,89975
docs/requirements/pr-programs/CLOSE/PR-CLOSE-05/PR-CLOSE-05-S05.md,0b4f4aef233bb92bacec2abf225dadfc097dfd1d914b6dd97d0a49777e03d41b,89785
docs/requirements/pr-programs/CLOSE/PR-CLOSE-05/PR-CLOSE-05-S06.md,6100a1b3792d2ebd5f913e974e409e72a39bec1415b7bd877c55924997e43eb6,88525
docs/requirements/pr-programs/CLOSE/PR-CLOSE-05/PR-CLOSE-05-S07.md,c5fe286ebd856afb09a69580fd82877ad463be465d7be57fccdc3717f8899939,89925
docs/requirements/pr-programs/CLOSE/PR-CLOSE-05/PR-CLOSE-05-S08.md,54a23a3ed148bd5b50e463847719c6acd633bfc9f522c6082346f3d2794fbd32,90315
docs/requirements/pr-programs/CLOSE/PR-CLOSE-05/PR-CLOSE-05-S09.md,1f40de1ff68406193548e36b402bb4f18f6707e6c976b1ed55fd8f01e7db1dcb,89855
docs/requirements/pr-programs/CLOSE/PR-CLOSE-05/PR-CLOSE-05-S10.md,33a9d907057ec0c0c10272d51d46842f8dee10421df40d9c63e70082edc7c946,90665
docs/requirements/pr-programs/COMEX/PR-COMEX-01/00_CONTROLLER.md,9e2a16e414be122a25458991f6f3992e204eff390765e4ba9b83fa8254512b48,2497
docs/requirements/pr-programs/COMEX/PR-COMEX-01/PR-COMEX-01-S01.md,20f32a50040dd6938f94086d51b47974cac5f80b8f93c8dc2418de69f1e6df01,89628
docs/requirements/pr-programs/COMEX/PR-COMEX-01/PR-COMEX-01-S02.md,6c91e9ad358faaf053b2b6f583969075f54d20f509de8bca8d63a9c219fec27f,89588
docs/requirements/pr-programs/COMEX/PR-COMEX-01/PR-COMEX-01-S03.md,dc63dafdc9c2e7ad630cd2079f09ffbeff43aca41a846afc50b93245c85b8422,90248
docs/requirements/pr-programs/COMEX/PR-COMEX-01/PR-COMEX-01-S04.md,e0e67d2907f0011071d8cdf9b7fdab3ac3f0b24079f2813c23bad15f310494db,90578
docs/requirements/pr-programs/COMEX/PR-COMEX-01/PR-COMEX-01-S05.md,73d96503412fe9bc44861e2def747f04bf1f04e55b3f87fb9f614e6d06d831c7,90388
docs/requirements/pr-programs/COMEX/PR-COMEX-01/PR-COMEX-01-S06.md,bb9ca7c4eb2ffa5863368b0108aa8a4f7630052992e27a8e9e26cabff1e06c52,89128
docs/requirements/pr-programs/COMEX/PR-COMEX-01/PR-COMEX-01-S07.md,05213617ce29bce8b02eb26088f633f27e523a87ffcb8315469f6e5a681195ca,90528
docs/requirements/pr-programs/COMEX/PR-COMEX-01/PR-COMEX-01-S08.md,4ed508ca4201f20e345e37da60be984c1e322c087db9b4e489bbb85607130e51,90918
docs/requirements/pr-programs/COMEX/PR-COMEX-01/PR-COMEX-01-S09.md,11266a5bc7aa87535025918ab3497baf7b7100fbcaac98af1a1b8f52333196fe,90458
docs/requirements/pr-programs/COMEX/PR-COMEX-01/PR-COMEX-01-S10.md,ecd12599a5ded7049f95d37eb283704621cfd646929d8e44e31baeea11969eb5,91268
docs/requirements/pr-programs/COMEX/PR-COMEX-02/00_CONTROLLER.md,8b65134668a2f81f318157bd3afe3e917e91c057b9bc6fa17fab1f3223a1ee89,2498
docs/requirements/pr-programs/COMEX/PR-COMEX-02/PR-COMEX-02-S01.md,3517b8fcd3413b26514299c49eec659d8f71fc49c9f75b748a13a021aed53a85,89079
docs/requirements/pr-programs/COMEX/PR-COMEX-02/PR-COMEX-02-S02.md,5cb2228c36319555a2eb83625f91d416c5d6748482b15c30cdfcffde2ab3b6db,89039
docs/requirements/pr-programs/COMEX/PR-COMEX-02/PR-COMEX-02-S03.md,379cbdf095c678f009b442d8e02247853da495ee6a7c8fb47db64ebef14c7b3e,89699
docs/requirements/pr-programs/COMEX/PR-COMEX-02/PR-COMEX-02-S04.md,400eda12f7f6c63255c2d12abcd50321926d18bf8b26efb31c1b7e76814ba91b,90029
docs/requirements/pr-programs/COMEX/PR-COMEX-02/PR-COMEX-02-S05.md,84f688fcd18d1a1b4924c50293f1e1bf94358d50776e45e0b0496a47f158dbf5,89839
docs/requirements/pr-programs/COMEX/PR-COMEX-02/PR-COMEX-02-S06.md,99a6b9ca4df228d094a05041c5f148c7ff39c2d436347e5dbf8aa6f4a6ca3af6,88579
docs/requirements/pr-programs/COMEX/PR-COMEX-02/PR-COMEX-02-S07.md,7fd08a1caf06a2b8bcdcd33432319184a0bfae3514edfc4c6b1a4dc034ac66cd,89979
docs/requirements/pr-programs/COMEX/PR-COMEX-02/PR-COMEX-02-S08.md,5ebf1876176049b8d45fa0856cff6bde94e59bba8d5937a49f5e50b85b53c525,90369
docs/requirements/pr-programs/COMEX/PR-COMEX-02/PR-COMEX-02-S09.md,ad1a0d34ab0830b7b6090abefe34165f5033c6a800d4be267c4661f7270d39f8,89909
docs/requirements/pr-programs/COMEX/PR-COMEX-02/PR-COMEX-02-S10.md,e4de45841b3c6ef6943f6b41982d3f6ace4e95721414ad5acf682381d7ee7cee,90719
docs/requirements/pr-programs/COMEX/PR-COMEX-03/00_CONTROLLER.md,645dba42deda632833fab7e5c996ec545aaabfaf1b84d4243e20a70d7cd082c9,2491
docs/requirements/pr-programs/COMEX/PR-COMEX-03/PR-COMEX-03-S01.md,d0b584ada0f31573c3ac9bb5f3886fc2d30d23868ece4b84ef6749a547f0b83f,89322
docs/requirements/pr-programs/COMEX/PR-COMEX-03/PR-COMEX-03-S02.md,5defd9d068b7cb9509c12e3ea604298a3a96d5d8d732f618e4f55a68c6cfccb9,89282
docs/requirements/pr-programs/COMEX/PR-COMEX-03/PR-COMEX-03-S03.md,b3fb4a85483c2e30474d08c4e7a92ade1b7efa2e64c46c29e5d81c4bf3b06d71,89942
docs/requirements/pr-programs/COMEX/PR-COMEX-03/PR-COMEX-03-S04.md,f814b3a4b92844841c531031bd9486abcfab692955e17ef8b4258a457eec7876,90272
docs/requirements/pr-programs/COMEX/PR-COMEX-03/PR-COMEX-03-S05.md,575f550002f078db7624bd39583ec146a8d8e43ea4b93ad4418a45ff284814c8,90082
docs/requirements/pr-programs/COMEX/PR-COMEX-03/PR-COMEX-03-S06.md,3ecc7b471937c808619c3b2867eda1955ffbc31eaabc770e221473e5bdf926d2,88822
docs/requirements/pr-programs/COMEX/PR-COMEX-03/PR-COMEX-03-S07.md,4ff07a23b743ab7a5be853e533d971f6334924c727037e79dc524e54c2ae2dfd,90222
docs/requirements/pr-programs/COMEX/PR-COMEX-03/PR-COMEX-03-S08.md,dcfef74a6cd1d8cbddae81a93ce19cc9ef87008c760905e5bd83c1e6bf72aa49,90612
docs/requirements/pr-programs/COMEX/PR-COMEX-03/PR-COMEX-03-S09.md,2b2304f37c2f35bd631fc130d81717348b04d19091a753ecc2c37dc353ac6509,90152
docs/requirements/pr-programs/COMEX/PR-COMEX-03/PR-COMEX-03-S10.md,a78a283d0f07543388a2edb83c2eed196aad2d674ec3799faffec0a62b80b59e,90962
docs/requirements/pr-programs/COMEX/PR-COMEX-04/00_CONTROLLER.md,8e548614c513a588966a4e16b3145c824f75e8e8116f61a2cd72679ed2997cb8,2506
docs/requirements/pr-programs/COMEX/PR-COMEX-04/PR-COMEX-04-S01.md,78c45aa0ec38cc06ea2d5538de73203e41067080c2ab37162a1f987be1cae6f9,89787
docs/requirements/pr-programs/COMEX/PR-COMEX-04/PR-COMEX-04-S02.md,35e4ae7c9fb100bdf4f2d00ebb7523f839112d4c939a676e5920241a2bf21278,89747
docs/requirements/pr-programs/COMEX/PR-COMEX-04/PR-COMEX-04-S03.md,3efb65d2ce8ffc3ecf671cb4e6d3512269836eeeb73ef705787132ef13de248d,90407
docs/requirements/pr-programs/COMEX/PR-COMEX-04/PR-COMEX-04-S04.md,bf8a8b50e981c97a0d7710aa02e8fc5e1546e949eaddb7f31e3945122a780e87,90737
docs/requirements/pr-programs/COMEX/PR-COMEX-04/PR-COMEX-04-S05.md,4030759b87355e6d5c1c54971214986e14a6e27d5fa22dd869a64149fa32c9fe,90547
docs/requirements/pr-programs/COMEX/PR-COMEX-04/PR-COMEX-04-S06.md,e92cb65778c64f5fc4673442b9e334032a1f0e14c1ac45ae9041417f7312cab5,89287
docs/requirements/pr-programs/COMEX/PR-COMEX-04/PR-COMEX-04-S07.md,77eebdb8ae99b87aba30081bbb2b1a30eb8d1021110326b575502956ba76d7bc,90687
docs/requirements/pr-programs/COMEX/PR-COMEX-04/PR-COMEX-04-S08.md,1d39a961540ae2bb81443cbd97df78cfe89c64d3d4855121c97e110fdf382bf4,91077
docs/requirements/pr-programs/COMEX/PR-COMEX-04/PR-COMEX-04-S09.md,808b59aecc2a9f8260ca27e7165be51eed77692b8a37df12b80229b06080e6b6,90617
docs/requirements/pr-programs/COMEX/PR-COMEX-04/PR-COMEX-04-S10.md,a028b638ff999d6a7542cbd83a08d52f873d26aa9d67fccdda2a92a01d7a6bda,91427
docs/requirements/pr-programs/COMEX/PR-COMEX-05/00_CONTROLLER.md,b253f8229ded022b728599e4738788b627c164c25e45a71ebee85ad29095306e,2504
docs/requirements/pr-programs/COMEX/PR-COMEX-05/PR-COMEX-05-S01.md,fed66eff2791225036135c33ba57b8cccdf70b54f115361b517825dd3a3c24f7,90035
docs/requirements/pr-programs/COMEX/PR-COMEX-05/PR-COMEX-05-S02.md,182b3b40dc5df8d7c0c5e13be0b03cc7ccc5582a30562ac55f158a1da8784657,89995
docs/requirements/pr-programs/COMEX/PR-COMEX-05/PR-COMEX-05-S03.md,f546183439e804182efd4160ccf0e18b7361dd43cce36512c6fdd4152f7f35a4,90655
docs/requirements/pr-programs/COMEX/PR-COMEX-05/PR-COMEX-05-S04.md,9fea68645fe1387681ff6626a307d7cb023316757387cc29ac0d507202f29b82,90985
docs/requirements/pr-programs/COMEX/PR-COMEX-05/PR-COMEX-05-S05.md,4c93ba9ebd74a479280fb9389bd27312c9375ad82d476eb913172579e0196f76,90795
docs/requirements/pr-programs/COMEX/PR-COMEX-05/PR-COMEX-05-S06.md,cce21deed6e77e89c92f3368334141670468d294ff0c64196109b174f60ee86b,89535
docs/requirements/pr-programs/COMEX/PR-COMEX-05/PR-COMEX-05-S07.md,82fae9dabcb2bd8813659ad5715b37420cf6bdbe0eefd33251999e9de5689e80,90935
docs/requirements/pr-programs/COMEX/PR-COMEX-05/PR-COMEX-05-S08.md,bd9ab8e18aad2591d62db205d1156bd61bbe58c025882a992c843c5379ab374a,91325
docs/requirements/pr-programs/COMEX/PR-COMEX-05/PR-COMEX-05-S09.md,71257b305e9bc087137ef2fbb8589dd908ac080dd1b6cb92ae528235768844d2,90865
docs/requirements/pr-programs/COMEX/PR-COMEX-05/PR-COMEX-05-S10.md,adfa5913ddca7d77845f9c7f9dda680d5a05f60bd6da8c935f809139a2f29d59,91675
docs/requirements/pr-programs/COMP/PR-COMP-01/00_CONTROLLER.md,d64ecbc7f4fca51d8cbf54743b36868bdbef899d9e5a547d8c601f96ad7ef2a3,2420
docs/requirements/pr-programs/COMP/PR-COMP-01/PR-COMP-01-S01.md,4db44adf477cd01639f45f5b08ef28c3cb179e101945cf3db6b3015fc51e56d9,88407
docs/requirements/pr-programs/COMP/PR-COMP-01/PR-COMP-01-S02.md,49c65a4ec6042f16fe6f15d9122054687c5ce754cead41b3d36b756a0d5f3405,88367
docs/requirements/pr-programs/COMP/PR-COMP-01/PR-COMP-01-S03.md,af49bb75c82a9d275f54264e9075111ab8bbca9f211a1eda941a0948b45f75e8,89027
docs/requirements/pr-programs/COMP/PR-COMP-01/PR-COMP-01-S04.md,0b7893323a5897dcb817e0117c963b365c7cdbbd1f5c4575f5306fb0b9a5d13a,89357
docs/requirements/pr-programs/COMP/PR-COMP-01/PR-COMP-01-S05.md,ca6f81f64df003e6459d4730cfb1bdccd1b317605709eced5f916131558e9255,89167
docs/requirements/pr-programs/COMP/PR-COMP-01/PR-COMP-01-S06.md,774c0365f5c68dee291772362bf9d8f912c13a469c01945ae6a461d7cacec1be,87907
docs/requirements/pr-programs/COMP/PR-COMP-01/PR-COMP-01-S07.md,13fb8135db439dfea4f905e8bb0bb7d6c69f6158ceeff91d6a37e62d4c2d07fb,89307
docs/requirements/pr-programs/COMP/PR-COMP-01/PR-COMP-01-S08.md,ae51b51fafa64736d9788f947f913a631494274abb913bbd554314ca681f9d4b,89697
docs/requirements/pr-programs/COMP/PR-COMP-01/PR-COMP-01-S09.md,49aad2d0e1790ec108ae4ab28c11abb997359de3d6db324026038860e9072fae,89237
docs/requirements/pr-programs/COMP/PR-COMP-01/PR-COMP-01-S10.md,d97f5139b6075db45aaa63afdc24562978bbb7bd520f8eba44234668d362c389,90047
docs/requirements/pr-programs/COMP/PR-COMP-02/00_CONTROLLER.md,127c11a916fc5fa0c4b4edc87f1cbcba00ac0c20a2381baebe9fe034fe6bdbd6,2435
docs/requirements/pr-programs/COMP/PR-COMP-02/PR-COMP-02-S01.md,9cdf624f8bf6ce447bccf16995ea1c494085e89c0db4b0206b6de3a70d02d5d7,88372
docs/requirements/pr-programs/COMP/PR-COMP-02/PR-COMP-02-S02.md,905776e546d458d35ac387c58e77e1470d53c33e56386b97987165a6151f08d5,88332
docs/requirements/pr-programs/COMP/PR-COMP-02/PR-COMP-02-S03.md,a106a3f6e4e533a519e870f8c5fd39f4bc46c5746cfb093c69873d0b7f857028,88992
docs/requirements/pr-programs/COMP/PR-COMP-02/PR-COMP-02-S04.md,72af0d15301a61a578fbbf5668e741e4cb091741efcdf49a71ea2dba005eb01a,89322
docs/requirements/pr-programs/COMP/PR-COMP-02/PR-COMP-02-S05.md,ba3f39e79dceeba954552ad472a327f99eb63dccf537599b6abe292441b0be60,89132
docs/requirements/pr-programs/COMP/PR-COMP-02/PR-COMP-02-S06.md,2c2ffd3422390713033c551588d623bc40627250296228d43ccae26aabf36c86,87872
docs/requirements/pr-programs/COMP/PR-COMP-02/PR-COMP-02-S07.md,a97cf71886f9099b65c9402c1723392501d15c27590fe9f67c3ea91e89c4e925,89272
docs/requirements/pr-programs/COMP/PR-COMP-02/PR-COMP-02-S08.md,321930839303a3eef157b6c25fae4fe1d9debca14343b52fb0ebdde3217cc82b,89662
docs/requirements/pr-programs/COMP/PR-COMP-02/PR-COMP-02-S09.md,9a48c9caa2acb24ffe8a98f50f644bd8deb1041f9408fd7e53931ec71bbc68d0,89202
docs/requirements/pr-programs/COMP/PR-COMP-02/PR-COMP-02-S10.md,f6394e65ca53fa5bbe9baba48371abd86ee756af6a347bb01c92d5081ad55f62,90012
docs/requirements/pr-programs/COMP/PR-COMP-03/00_CONTROLLER.md,e99a934384198098b15772f8d920b6decd031d31590f810892543c3ebd3cdb5e,2402
docs/requirements/pr-programs/COMP/PR-COMP-03/PR-COMP-03-S01.md,470852738be1b5cb7beeefdc63b4ebc8f83d8d59422e2025f6b3e10390afd2d5,86839
docs/requirements/pr-programs/COMP/PR-COMP-03/PR-COMP-03-S02.md,065964bc241dd0e45339b1395f866b3f621c5453fb5e7ded4b1e48fbb7a4ebe0,86799
docs/requirements/pr-programs/COMP/PR-COMP-03/PR-COMP-03-S03.md,e6989e8c7fae2785deb904d31c49456ffa8cd058432e2a6724ccfbbce17be12a,87459
docs/requirements/pr-programs/COMP/PR-COMP-03/PR-COMP-03-S04.md,ff2df9d09cad15eb02aa3e35a5c8068c9db5fe5457b748ca8dd9f90ab31ccaf0,87789
docs/requirements/pr-programs/COMP/PR-COMP-03/PR-COMP-03-S05.md,fe597af442d479b33281bf29d568404f96dc66729fdb4269733273d349864a6f,87599
docs/requirements/pr-programs/COMP/PR-COMP-03/PR-COMP-03-S06.md,f4d9ff3688ea6717de3ad4fbe3486ba6e132b67817511c48cff142a8394db04f,86339
docs/requirements/pr-programs/COMP/PR-COMP-03/PR-COMP-03-S07.md,23d592b709abae4e84f76c06ee4700c34a41c6639e3d546bfd081da13073ccca,87739
docs/requirements/pr-programs/COMP/PR-COMP-03/PR-COMP-03-S08.md,4ad383897a1a44313cb28c817450258dc610bc846917014b30bf46e213fa76c6,88129
docs/requirements/pr-programs/COMP/PR-COMP-03/PR-COMP-03-S09.md,512325a0219e91f06e4a74feb8068204a25f31b60680541f1945b447f0030b3b,87669
docs/requirements/pr-programs/COMP/PR-COMP-03/PR-COMP-03-S10.md,c190c0af65fe02145471d623b07fd4c75ebf203b2932574e84eac9eaaef396b5,88479
docs/requirements/pr-programs/COMP/PR-COMP-04/00_CONTROLLER.md,3767d1829854ca6e325c37b88e60f1d7f821bef702fd1233c965e962078bbf7a,2435
docs/requirements/pr-programs/COMP/PR-COMP-04/PR-COMP-04-S01.md,2473c452dcac0140c18e2c8d316135f9aa0f6293e42fc3bda6a7438480fa2484,88672
docs/requirements/pr-programs/COMP/PR-COMP-04/PR-COMP-04-S02.md,71063715108f15cd8c4ce7d7ac7b69d7fc9c6afe3ea71726a526eef633d90793,88632
docs/requirements/pr-programs/COMP/PR-COMP-04/PR-COMP-04-S03.md,ccbfb65fe7a9a707a5686a1df5d387fc01c8b3ae1d168801a1a5000f427c6e07,89292
docs/requirements/pr-programs/COMP/PR-COMP-04/PR-COMP-04-S04.md,a0b3bdcc10d00252691d5e49bc1766579691308b9a8fff140b08e0d2d05e7df4,89622
docs/requirements/pr-programs/COMP/PR-COMP-04/PR-COMP-04-S05.md,d56b9801dee0e1737c03dcb0bb64b83f3218ecd43d9534b698ecccb86d613029,89432
docs/requirements/pr-programs/COMP/PR-COMP-04/PR-COMP-04-S06.md,ad8fbe71b6a62a83b5d976c513e76beac4c7d9638afcda28d48c60360c858d06,88172
docs/requirements/pr-programs/COMP/PR-COMP-04/PR-COMP-04-S07.md,f7f7c3c121fd4bbbe94d53fdc4e44628af38f3709d0876d3e743c8a098ab94d2,89572
docs/requirements/pr-programs/COMP/PR-COMP-04/PR-COMP-04-S08.md,43c32fc9cdcb1fef1cea61cc0414860319b9a12d22169ee0f51b56d14b496de4,89962
docs/requirements/pr-programs/COMP/PR-COMP-04/PR-COMP-04-S09.md,47f6d4777ee33e3a9106020191284d81baeb517187bdd9d93820533d92a6aedd,89502
docs/requirements/pr-programs/COMP/PR-COMP-04/PR-COMP-04-S10.md,9fd6f2e229ccc0517c4ddb74d315b71dd918e05b4c1d4c43f4cbe9a5ce361c13,90312
docs/requirements/pr-programs/COMP/PR-COMP-05/00_CONTROLLER.md,735d64f4745c4d208413e5e6dcae172c8d1fe6369798089de5ab541d08ecdd69,2409
docs/requirements/pr-programs/COMP/PR-COMP-05/PR-COMP-05-S01.md,327241ef40b6ab01c9d5ce431c7e04a9ac7cf122ed1663201ab79403bff8111a,87646
docs/requirements/pr-programs/COMP/PR-COMP-05/PR-COMP-05-S02.md,1b0f9826d234d18387a1fb9532a84ca5079b10653e5bb43f6e385c22d5a61dea,87606
docs/requirements/pr-programs/COMP/PR-COMP-05/PR-COMP-05-S03.md,b1943edac4d51225b78d0e48852cbf131f4328f98d27be79c843618d68eaad51,88266
docs/requirements/pr-programs/COMP/PR-COMP-05/PR-COMP-05-S04.md,b13c8240acda6c90f7fb2504b3affde69d1758d667e70a4c8a79db2f30d2df64,88596
docs/requirements/pr-programs/COMP/PR-COMP-05/PR-COMP-05-S05.md,4aa5f594737737e6e0fd2e04e9fe68e927ee72de3cf7ec322b424712edd9e377,88406
docs/requirements/pr-programs/COMP/PR-COMP-05/PR-COMP-05-S06.md,87db7915d005315007be0e8fc121a90673a69366897367c18c021145f54e57b4,87146
docs/requirements/pr-programs/COMP/PR-COMP-05/PR-COMP-05-S07.md,ec20c7f9c107c68cba1d7a759e285b97c34248c991e9a71f155d58dfe2e6bfec,88546
docs/requirements/pr-programs/COMP/PR-COMP-05/PR-COMP-05-S08.md,6a4299bab640652342aac7c0e9cd9153f41461254d360b5838caefcdfcc64b2d,88936
docs/requirements/pr-programs/COMP/PR-COMP-05/PR-COMP-05-S09.md,8a68f887022803a2ea3b4ae7659a6ce501ab9b8512c8849ed21f1cdfb189f4e5,88476
docs/requirements/pr-programs/COMP/PR-COMP-05/PR-COMP-05-S10.md,7ef1cba717b6d33d1c421b8daf227fc3e44f4dcb5f79eaa703efcff5401d59ec,89286
docs/requirements/pr-programs/CRM/PR-CRM-01/00_CONTROLLER.md,9fe14216fdc227bd881797d17cf85e4771bd02ebb973a50e20dd61a959b1a32a,2396
docs/requirements/pr-programs/CRM/PR-CRM-01/PR-CRM-01-S01.md,9006edae4475784eeae8c4148ad11a1aa440cd7438ea8f61a11bd8814bf614b8,87989
docs/requirements/pr-programs/CRM/PR-CRM-01/PR-CRM-01-S02.md,0b2535815f37f74e32a0c0ce85f9eb4cf49e349d10c1f5f427924e1a2a86aa1d,87949
docs/requirements/pr-programs/CRM/PR-CRM-01/PR-CRM-01-S03.md,c2b86d44b828f0b3671e230c72e63f8475fa2de888df3401e4a4efb73939b950,88609
docs/requirements/pr-programs/CRM/PR-CRM-01/PR-CRM-01-S04.md,2f9a9708aa1ef2f2ab14d8a1c36b507731f51bce963fb26ccf5c4dc32de40d10,88939
docs/requirements/pr-programs/CRM/PR-CRM-01/PR-CRM-01-S05.md,28db8388f2a493997812ed43d46c4cc9bbd198c308c93e46035234256989fbf1,88749
docs/requirements/pr-programs/CRM/PR-CRM-01/PR-CRM-01-S06.md,e1f7f4b3aede06dc798a7836cd48ede2ce933e0f68da02ce9a93ce6a2445f757,87489
docs/requirements/pr-programs/CRM/PR-CRM-01/PR-CRM-01-S07.md,35a51f043e5e868a0611e188989381e0e77b86e73542e6d44a1d4e6a66216f8b,88889
docs/requirements/pr-programs/CRM/PR-CRM-01/PR-CRM-01-S08.md,a4148cd0a06cabdf7726f9057d4dab70f1be537acc1b367a9575d250e3ef4896,89279
docs/requirements/pr-programs/CRM/PR-CRM-01/PR-CRM-01-S09.md,687e20cd7a596c688b1d2c3235a878d3b54a55a778a98fa2d8ed554273df2b93,88819
docs/requirements/pr-programs/CRM/PR-CRM-01/PR-CRM-01-S10.md,83f3199da8ca2925ec7ad4ccd5843163f2ac7f426b77f04f2e94a27f3df6900b,89629
docs/requirements/pr-programs/CRM/PR-CRM-02/00_CONTROLLER.md,39432d229d07af65f4a5dbcf1a9d0d77f15ed08e72129e5cef014620f0af2905,2356
docs/requirements/pr-programs/CRM/PR-CRM-02/PR-CRM-02-S01.md,d2b4592562d0630253086e0dce449c1f976311b1f67ec458eab198fe395e2121,87399
docs/requirements/pr-programs/CRM/PR-CRM-02/PR-CRM-02-S02.md,db800324b3b234cc46945f2b428d55afa4ac08c8a60d2a086081131db2961c5d,87359
docs/requirements/pr-programs/CRM/PR-CRM-02/PR-CRM-02-S03.md,1d1839335e26b1875990355227095b9636fca9c42cb9838767ed95fc10b21123,88019
docs/requirements/pr-programs/CRM/PR-CRM-02/PR-CRM-02-S04.md,cfbc8f09bdc68ee51ac28b5dfc10954d72ea440406a0e219092ac515f83d8220,88349
docs/requirements/pr-programs/CRM/PR-CRM-02/PR-CRM-02-S05.md,0423acabead37cc9313946d732af1a17d1bc5d2964d577f3afca52502f05c67d,88159
docs/requirements/pr-programs/CRM/PR-CRM-02/PR-CRM-02-S06.md,ad3dcbf938490b94e79b5407c3c2b11feef9a36958f2767ad5a513704482f804,86899
docs/requirements/pr-programs/CRM/PR-CRM-02/PR-CRM-02-S07.md,ad08717a018d01133a3f246b68fd6d890fb3de924350cede70baee0117f95cda,88299
docs/requirements/pr-programs/CRM/PR-CRM-02/PR-CRM-02-S08.md,473a33e3c030dd6cff470ae6aaea3aa7a69b28080f6737e9e1581532c1e727a1,88689
docs/requirements/pr-programs/CRM/PR-CRM-02/PR-CRM-02-S09.md,928ce7ab25773cbd10235f97fbbd3dbb94f0b202523442f02fa40ee42551f76b,88229
docs/requirements/pr-programs/CRM/PR-CRM-02/PR-CRM-02-S10.md,2a7e2c52f021ae1f994ab8a4fb0e7afab6159f6eb668db0a701b57939093bd20,89039
docs/requirements/pr-programs/CRM/PR-CRM-03/00_CONTROLLER.md,629d89c0ecece1af65a7ca3b7331f78d5784a0723769d1482a2f6f51ef4c9059,2370
docs/requirements/pr-programs/CRM/PR-CRM-03/PR-CRM-03-S01.md,a49f0e281dcc8888896dfc3e58b1adf6450e35b948f34b7d9b12df9bcc650a5e,87613
docs/requirements/pr-programs/CRM/PR-CRM-03/PR-CRM-03-S02.md,e49096263f6a6146c7f569583b59edd48ea6752d32ea91c4355c31afe6bc57d9,87573
docs/requirements/pr-programs/CRM/PR-CRM-03/PR-CRM-03-S03.md,e1a980e99d157b8c24d97eb362d67fcec6668d155543fbb26ec7dff40e14071b,88233
docs/requirements/pr-programs/CRM/PR-CRM-03/PR-CRM-03-S04.md,676eb50148f2cd349008c7a325385455790673c31f84e7c13f3eab6a25689527,88563
docs/requirements/pr-programs/CRM/PR-CRM-03/PR-CRM-03-S05.md,34358fd47131900e5776072dc4073ec3577004279e43b2814b20ab81814a782e,88373
docs/requirements/pr-programs/CRM/PR-CRM-03/PR-CRM-03-S06.md,00fc2ad9985cebd848f6c8af9bf0c699605417ffb974919b6ddf00f143050b11,87113
docs/requirements/pr-programs/CRM/PR-CRM-03/PR-CRM-03-S07.md,a5d24bed27a43e79a9084e929e3922813ac99b8ca9daa3c2cb61a8927f45093a,88513
docs/requirements/pr-programs/CRM/PR-CRM-03/PR-CRM-03-S08.md,244f17cb1cdb650c16dc5532dc28f552020f7a3ba8f748ddccd8edbc7806d3ed,88903
docs/requirements/pr-programs/CRM/PR-CRM-03/PR-CRM-03-S09.md,c3603f8301513bc6295718754009d57539ed9a5a658fbf9644f63292bbea3592,88443
docs/requirements/pr-programs/CRM/PR-CRM-03/PR-CRM-03-S10.md,ffbb32502b23c22ff5de2c9c7db3b5f86f79659d9f933cc74ce66d4a28776c13,89253
docs/requirements/pr-programs/CRM/PR-CRM-04/00_CONTROLLER.md,24af3b6026f6aa0cab6c155f17d4a6a5cb66717aaf53b1d2b9827f1460196791,2377
docs/requirements/pr-programs/CRM/PR-CRM-04/PR-CRM-04-S01.md,1bf56deb366cc5b788a5d1c039b64c5dd14273119368d05068779b1b7e9e80ed,88170
docs/requirements/pr-programs/CRM/PR-CRM-04/PR-CRM-04-S02.md,51bf88b902710abd8546f02b977999bd15f287916e669503cbac78a080c7c49f,88130
docs/requirements/pr-programs/CRM/PR-CRM-04/PR-CRM-04-S03.md,b45e39ccdacac0cd08b2a0562aa590227a9d947a2a051f72d47fa8cf4957a2c2,88790
docs/requirements/pr-programs/CRM/PR-CRM-04/PR-CRM-04-S04.md,d4e81d59b81b946cd964254ed912177be0916f6c3286d15bc1c56534570ffbd5,89120
docs/requirements/pr-programs/CRM/PR-CRM-04/PR-CRM-04-S05.md,1cf61393837c0f2bb61cb645ea02e346390f96276121180e5d2aabdd1dba13b6,88930
docs/requirements/pr-programs/CRM/PR-CRM-04/PR-CRM-04-S06.md,263a2b655baa80df6d29fcbbe817061fec680addb4b911ceb10f33f17f50e354,87670
docs/requirements/pr-programs/CRM/PR-CRM-04/PR-CRM-04-S07.md,96a867b6e6ee90343de570ff7f8a54b6c288fab7ce55813705ac85d40c52fed8,89070
docs/requirements/pr-programs/CRM/PR-CRM-04/PR-CRM-04-S08.md,0903f6f2849e384ac2d82651b0e6668f4f9d067e55aaa36661db52fd5ed545d3,89460
docs/requirements/pr-programs/CRM/PR-CRM-04/PR-CRM-04-S09.md,c7f14a4654a29c7fd31826654c8ecc9446efcee65b368212c9a98e10818e073e,89000
docs/requirements/pr-programs/CRM/PR-CRM-04/PR-CRM-04-S10.md,48e3955e73d4d093a755ef21bbb92e8f95d78956840282cce307c84f21b1807f,89810
docs/requirements/pr-programs/CRM/PR-CRM-05/00_CONTROLLER.md,110afdd26a9adfe70a549daa629e0680ad600a14b24f63bf955f567c311dc368,2356
docs/requirements/pr-programs/CRM/PR-CRM-05/PR-CRM-05-S01.md,aa79bec1105514e733eca88a4b483a677342b19edbfa1aad3abb5b8a3480665c,87349
docs/requirements/pr-programs/CRM/PR-CRM-05/PR-CRM-05-S02.md,6a370bd9cece82610678b1712bf1f952ca671becad8132de8b3fd3e7c6f63e4c,87309
docs/requirements/pr-programs/CRM/PR-CRM-05/PR-CRM-05-S03.md,432c4679db4c43fad4985969093d3474ba7b1adb9e343e433207c56d9b2137ba,87969
docs/requirements/pr-programs/CRM/PR-CRM-05/PR-CRM-05-S04.md,1911a7b0363d782ae92b4a04adfd01c2660e3fd2785be72f743df884b5a8eaa5,88299
docs/requirements/pr-programs/CRM/PR-CRM-05/PR-CRM-05-S05.md,6c30771a9883747d6f5f07011fafc306d8b8981ecc4d34ebd0b15e43d9105b14,88109
docs/requirements/pr-programs/CRM/PR-CRM-05/PR-CRM-05-S06.md,c98445face456bf7bc8e917048379dc6a679ce941ffcd59080598e7210980f2e,86849
docs/requirements/pr-programs/CRM/PR-CRM-05/PR-CRM-05-S07.md,a416eb88a7e33d226113ac203cf2d6029fba53177e1d2491834f83fa286d5e92,88249
docs/requirements/pr-programs/CRM/PR-CRM-05/PR-CRM-05-S08.md,2e1be14a6c3612a179e7473ebf1d891a3c667cf52e6caca6ef502e55fc93a483,88639
docs/requirements/pr-programs/CRM/PR-CRM-05/PR-CRM-05-S09.md,862a98dc2edfc320d7b311a7794149a281c3ca638eca940eed35cd67568e9bf7,88179
docs/requirements/pr-programs/CRM/PR-CRM-05/PR-CRM-05-S10.md,3d6c9035c480504a53b358aa4f1d6b9b866d6bf9119cead22c4c6f2a64aa1ed3,88989
docs/requirements/pr-programs/FISCAL/PR-FISCAL-01/00_CONTROLLER.md,d302fba31e434564ba9c12e7f3631a827e9379f9d1dc90ff11dff1a9ad31031f,2556
docs/requirements/pr-programs/FISCAL/PR-FISCAL-01/PR-FISCAL-01-S01.md,f995b51d2e7379af4b63654c74661abc7344c23e86315029b17ab6e3c30d3002,88231
docs/requirements/pr-programs/FISCAL/PR-FISCAL-01/PR-FISCAL-01-S02.md,ed629675c1e6927fc0aa0e333a397849e7975b898632d67591ae0078d7d39eeb,88191
docs/requirements/pr-programs/FISCAL/PR-FISCAL-01/PR-FISCAL-01-S03.md,1a520ea21d31b0fd7a972cf8583e670c4441b777513c7197aaaca29249d9a688,88851
docs/requirements/pr-programs/FISCAL/PR-FISCAL-01/PR-FISCAL-01-S04.md,9b0e6059b854c4af6d67982b95229ed7cb7c9269892d6d98436a03832eb2f6b2,89181
docs/requirements/pr-programs/FISCAL/PR-FISCAL-01/PR-FISCAL-01-S05.md,c4bc33fe0cc8e5432c3890e979be89bdfc28a62eab8fc1e7defe0315dd50a3d9,88991
docs/requirements/pr-programs/FISCAL/PR-FISCAL-01/PR-FISCAL-01-S06.md,c77bb74218f4bb86261da584c13b7956a6a3d2027d53b6885a7a8328dcc0cba1,87731
docs/requirements/pr-programs/FISCAL/PR-FISCAL-01/PR-FISCAL-01-S07.md,17bb812dd15eb14da12350a2a83b34a384f3d5aaec1436ea279fb3027edf78e8,89131
docs/requirements/pr-programs/FISCAL/PR-FISCAL-01/PR-FISCAL-01-S08.md,385f5f8039fab974d7f7fa903435d90359e05d40af6a02d230ab1440987e3ec4,89521
docs/requirements/pr-programs/FISCAL/PR-FISCAL-01/PR-FISCAL-01-S09.md,5aa2baa78b8c727bc0430112df03378a2b0d2518cc0b12fee7b236d9a3561324,89061
docs/requirements/pr-programs/FISCAL/PR-FISCAL-01/PR-FISCAL-01-S10.md,14943971d9c159db979a4bb042f0306d158fc41fec9522f24df9824d2681712b,89871
docs/requirements/pr-programs/FISCAL/PR-FISCAL-02/00_CONTROLLER.md,309fe9f4e3a4703085fd9b0dde7988eda21b10a7ebd5c1c29eb4a700ce59cf77,2545
docs/requirements/pr-programs/FISCAL/PR-FISCAL-02/PR-FISCAL-02-S01.md,7bf60f4a31dd12e7720d1d6cf048054406e1f9d3843e0009b6d7d8368d99e8bf,87970
docs/requirements/pr-programs/FISCAL/PR-FISCAL-02/PR-FISCAL-02-S02.md,f7129fce3b658ddfb472c12369a5b73ccdb7712f68db3fd90bb26d5bfce48b1a,87930
docs/requirements/pr-programs/FISCAL/PR-FISCAL-02/PR-FISCAL-02-S03.md,62eb84e9b40fd889e3e9d6cf92eb40adc07fa43b7410a54b1a972656cc714bba,88590
docs/requirements/pr-programs/FISCAL/PR-FISCAL-02/PR-FISCAL-02-S04.md,7c67f21dbb50bc05591af9f63d56a305cdbd244d0721663379f4de101e832e28,88920
docs/requirements/pr-programs/FISCAL/PR-FISCAL-02/PR-FISCAL-02-S05.md,080641a876efc16a2897dc6b4fdafe75b9a80966d6c91d408d627ae489bd7cf6,88730
docs/requirements/pr-programs/FISCAL/PR-FISCAL-02/PR-FISCAL-02-S06.md,06791198e3108ca48064ee01f3eaa0db339e9cb72e3219c9cc3d4dc1d484a361,87470
docs/requirements/pr-programs/FISCAL/PR-FISCAL-02/PR-FISCAL-02-S07.md,478bf1ceb0887f85484e0fe539c43c93961a317bfd9a3188737ad4ed99ee611b,88870
docs/requirements/pr-programs/FISCAL/PR-FISCAL-02/PR-FISCAL-02-S08.md,e63898220f8965f812a4180652b2101a60b87b760502e459919601e5febcd1ed,89260
docs/requirements/pr-programs/FISCAL/PR-FISCAL-02/PR-FISCAL-02-S09.md,439e7f374cd10473129cfb76917fab4cf394543ac4b6a13a39824d7665a06d95,88800
docs/requirements/pr-programs/FISCAL/PR-FISCAL-02/PR-FISCAL-02-S10.md,820ca0e1ce06190136f1eb60d1a92fa3db2224e72e12f20050bab89d72159e5d,89610
docs/requirements/pr-programs/FISCAL/PR-FISCAL-03/00_CONTROLLER.md,72e291a6d51e44ab5262b23d95950441d33ff74f9bea6a93242e7ddb55b13086,2556
docs/requirements/pr-programs/FISCAL/PR-FISCAL-03/PR-FISCAL-03-S01.md,ec685b18e92b2c3a5f4a4539456844e40eb10a95dad2a16715d954ee06b18cb2,88781
docs/requirements/pr-programs/FISCAL/PR-FISCAL-03/PR-FISCAL-03-S02.md,f38aed25e0ea24995fc2b77cfa138bc66137fe53cedcc3363686b22854079259,88741
docs/requirements/pr-programs/FISCAL/PR-FISCAL-03/PR-FISCAL-03-S03.md,335ed8c80010de83d23733654570121b9845759c8eb3535bf5521423c8c25e71,89401
docs/requirements/pr-programs/FISCAL/PR-FISCAL-03/PR-FISCAL-03-S04.md,a94b2ba5325cf276545b82aa1ccd7de599a2e31a84a165203f67e45111031a9b,89731
docs/requirements/pr-programs/FISCAL/PR-FISCAL-03/PR-FISCAL-03-S05.md,6344881dc670331313d7c89469cf649a318bdf1724bdd44d676a74027da77b01,89541
docs/requirements/pr-programs/FISCAL/PR-FISCAL-03/PR-FISCAL-03-S06.md,0f237eef62b346d89c05a02097a988338266e273062d143336d68b29b1407290,88281
docs/requirements/pr-programs/FISCAL/PR-FISCAL-03/PR-FISCAL-03-S07.md,9f62fede62053222ec5b3047b3f4d2fd844c9385c0ee01087b228aeb6b808dc8,89681
docs/requirements/pr-programs/FISCAL/PR-FISCAL-03/PR-FISCAL-03-S08.md,8db6c9380a768f47d1847ef04e80122455367798a89315240dbe279b90276db2,90071
docs/requirements/pr-programs/FISCAL/PR-FISCAL-03/PR-FISCAL-03-S09.md,1fa5a8816be7628f9febf57e850cf0a78d28924c3cb128573c1946b1d72c64e4,89611
docs/requirements/pr-programs/FISCAL/PR-FISCAL-03/PR-FISCAL-03-S10.md,91e84e6c65661b2d9611c3b0f1af0a60bab6a10b8581d4c844fd70b3e40cfbd6,90421
docs/requirements/pr-programs/FISCAL/PR-FISCAL-04/00_CONTROLLER.md,08f11a979e2275cd4b1bad29ca4b94d16c921a25891fcd898fb68eba105ba973,2571
docs/requirements/pr-programs/FISCAL/PR-FISCAL-04/PR-FISCAL-04-S01.md,c6f7905f86c8b04a4e7ddc00758b7fe3d854d5be2c299afedd3c8eedde796d96,88746
docs/requirements/pr-programs/FISCAL/PR-FISCAL-04/PR-FISCAL-04-S02.md,7623b12b983305552f849cb269ec5c48fbe6295af525c875eed5808607189d3c,88706
docs/requirements/pr-programs/FISCAL/PR-FISCAL-04/PR-FISCAL-04-S03.md,46982241fe0cb6a1eb8b94199ec883d32db6a9e33fb9637c808b25dd69c80d1d,89366
docs/requirements/pr-programs/FISCAL/PR-FISCAL-04/PR-FISCAL-04-S04.md,24b3087056632b8d73ba39d914cf81767d042fca77dc802dd3e7caaf224a97b0,89696
docs/requirements/pr-programs/FISCAL/PR-FISCAL-04/PR-FISCAL-04-S05.md,40993fc2b5d019ba84933b97f1a9e08ac4fdf3937ab0af44b1b765650840a360,89506
docs/requirements/pr-programs/FISCAL/PR-FISCAL-04/PR-FISCAL-04-S06.md,600c300a89a2fd66b18a18623d8a7a2d56ed62f79032c8973336858a93ae961c,88246
docs/requirements/pr-programs/FISCAL/PR-FISCAL-04/PR-FISCAL-04-S07.md,dc20e3781b5d3c4372a57c944a70890c9b073333aff557cc7ea595a85efde10b,89646
docs/requirements/pr-programs/FISCAL/PR-FISCAL-04/PR-FISCAL-04-S08.md,70fdb6f4f9d1b9f8500e228d62b60901348277e466f046a844bc78eb561093c5,90036
docs/requirements/pr-programs/FISCAL/PR-FISCAL-04/PR-FISCAL-04-S09.md,93cdb212a3bdf3644fa5a7fe60b9745dbd911f3b2c758e32afd69052437f4ddc,89576
docs/requirements/pr-programs/FISCAL/PR-FISCAL-04/PR-FISCAL-04-S10.md,997afd3a4a632dca1f70d8244b0f4317f46371223ee4f71e979206370be50b7f,90386
docs/requirements/pr-programs/FISCAL/PR-FISCAL-05/00_CONTROLLER.md,84f8a6c9d2717b48bff50d9e0b3a9021c2cb5c9edd8613fee2b2a4edca261425,2564
docs/requirements/pr-programs/FISCAL/PR-FISCAL-05/PR-FISCAL-05-S01.md,01ca30df5c2a36bbc8eea3a74699ea89e84ce75f97e9495df2b4ee7003960f7a,88689
docs/requirements/pr-programs/FISCAL/PR-FISCAL-05/PR-FISCAL-05-S02.md,c95e26f55ae677da539ddb0c5ebdc624caa617c628f0a1eec2298d4ce95e8b6e,88649
docs/requirements/pr-programs/FISCAL/PR-FISCAL-05/PR-FISCAL-05-S03.md,a715f846fcd40486d9723213265f5e991cd2f391b00544229e99923fce96edc8,89309
docs/requirements/pr-programs/FISCAL/PR-FISCAL-05/PR-FISCAL-05-S04.md,17741b723ecc5b3085cb6f7dc4788cc8a510082f4c179bb3cdb85badd6593bf5,89639
docs/requirements/pr-programs/FISCAL/PR-FISCAL-05/PR-FISCAL-05-S05.md,ca8b39a36bed25d34db52c9a8c852bd23f401fc77bab5cbbd397aa176c039b08,89449
docs/requirements/pr-programs/FISCAL/PR-FISCAL-05/PR-FISCAL-05-S06.md,788c5af6ccbbb06ea85909eb87491ee35a8055a39b64f93249213ba90f9f2367,88189
docs/requirements/pr-programs/FISCAL/PR-FISCAL-05/PR-FISCAL-05-S07.md,ae31bffad8838b0fdaf5dd56c833b32d01b7760b50e9af1e12a3aabf2e976535,89589
docs/requirements/pr-programs/FISCAL/PR-FISCAL-05/PR-FISCAL-05-S08.md,d39e906f518e14de4d07619893cb70574722b22439f97ad7aa1b61981983b51a,89979
docs/requirements/pr-programs/FISCAL/PR-FISCAL-05/PR-FISCAL-05-S09.md,0984db166630f085b7b2584b2b0cce9c62379f8b7934290e54238f5ae91f0e3e,89519
docs/requirements/pr-programs/FISCAL/PR-FISCAL-05/PR-FISCAL-05-S10.md,7b4eabfbdc411a866bb5fe21ea09491e8c18d926c64fb6171ba084779401de3f,90329
docs/requirements/pr-programs/INVENTORY/PR-INVENTORY-01/00_CONTROLLER.md,cd88d34a600f8b8d9e6f67177b434ff1c0f551070844f0937dc6ef61103adbbd,2769
docs/requirements/pr-programs/INVENTORY/PR-INVENTORY-01/PR-INVENTORY-01-S01.md,4b6405041363b09fbda7c9c4ed4de0d134536f4fbc9c682d78f7055c64f0948e,88676
docs/requirements/pr-programs/INVENTORY/PR-INVENTORY-01/PR-INVENTORY-01-S02.md,79f6c9f226837bb76c3a7c185e370e18f5d9c6d41c4ecae855e0c214e81f4ed2,88636
docs/requirements/pr-programs/INVENTORY/PR-INVENTORY-01/PR-INVENTORY-01-S03.md,a13cb583eb560a751980320ea289f1a7c78661671daacedcf65127d6963ead94,89296
docs/requirements/pr-programs/INVENTORY/PR-INVENTORY-01/PR-INVENTORY-01-S04.md,702ba75ec25f75d78f985b27853bdc7afb365f3032a9220313b44e72feef91d1,89626
docs/requirements/pr-programs/INVENTORY/PR-INVENTORY-01/PR-INVENTORY-01-S05.md,405fdf518b627244044ec7b9baf64befbd89952973c1bdb4378e817502e5cb31,89436
docs/requirements/pr-programs/INVENTORY/PR-INVENTORY-01/PR-INVENTORY-01-S06.md,bbf11196f4eb29006309e0ae95cd58c3937854b31b9e9fb66ebccfa3ee2a36f4,88176
docs/requirements/pr-programs/INVENTORY/PR-INVENTORY-01/PR-INVENTORY-01-S07.md,8d5a734f0548ec5dedc383c6de9d653c3ce2becda9aecf10060bbbd663b1e749,89576
docs/requirements/pr-programs/INVENTORY/PR-INVENTORY-01/PR-INVENTORY-01-S08.md,c18a1e40cf3407138e986080d8da9e336a7fa8d0552dfd20cb9d880f355edf02,89966
docs/requirements/pr-programs/INVENTORY/PR-INVENTORY-01/PR-INVENTORY-01-S09.md,4c5b6ecfb4167d4459f8a6135b5a005aba402016ba355cf71ee99c9f9ae06601,89506
docs/requirements/pr-programs/INVENTORY/PR-INVENTORY-01/PR-INVENTORY-01-S10.md,77e1c2de64c33dc993f231986fbb7a738db7a9bce7696d4f8c16ff36bcdd6c43,90316
docs/requirements/pr-programs/INVENTORY/PR-INVENTORY-02/00_CONTROLLER.md,ff9af7880e799540163e2d315cc2a8fae29c387792101913071dc5a7fcbe4d0b,2743
docs/requirements/pr-programs/INVENTORY/PR-INVENTORY-02/PR-INVENTORY-02-S01.md,d200bb22043631a2e663c9a24338ddc4a6bc2df2c8a941b9122598ef01af5c99,87900
docs/requirements/pr-programs/INVENTORY/PR-INVENTORY-02/PR-INVENTORY-02-S02.md,a8860db3a42db7875b1ee81addfdf33ecf2746759f4fb5d0a4e28e2b0a90025e,87860
docs/requirements/pr-programs/INVENTORY/PR-INVENTORY-02/PR-INVENTORY-02-S03.md,bf1acc65ae6ae26c2afe87f5056162f487b4c09896ab6607e1b513e3e37ddd3a,88520
docs/requirements/pr-programs/INVENTORY/PR-INVENTORY-02/PR-INVENTORY-02-S04.md,eeb3f8f532a5dee2c29eda8d64513717a0df9ad8ff63295686a992e83384a7b4,88850
docs/requirements/pr-programs/INVENTORY/PR-INVENTORY-02/PR-INVENTORY-02-S05.md,782e97f6bf41d84a8871b535b16ffae83ae2121cc3c4096d7ec81efd72fdaa0f,88660
docs/requirements/pr-programs/INVENTORY/PR-INVENTORY-02/PR-INVENTORY-02-S06.md,caab8f7fc1c9af222c8d4b978d628b59712e7be685097b41d4e4da229ea68ec6,87400
docs/requirements/pr-programs/INVENTORY/PR-INVENTORY-02/PR-INVENTORY-02-S07.md,94a784601bd708f14248142704d5b56e8f104aac53673b455af31752e850a527,88800
docs/requirements/pr-programs/INVENTORY/PR-INVENTORY-02/PR-INVENTORY-02-S08.md,f2ede1a880f609dc56810344656abb3b0c89fbf71bff04443be56dc553434f63,89190
docs/requirements/pr-programs/INVENTORY/PR-INVENTORY-02/PR-INVENTORY-02-S09.md,a8f27170d01a985436319fa7913d4fa955f54233a0f31aebd34be631f920175d,88730
docs/requirements/pr-programs/INVENTORY/PR-INVENTORY-02/PR-INVENTORY-02-S10.md,e6b7fa0eac223e5b1fbbbc5735bcdae21716428da64277ef646f6748e70ce30b,89540
docs/requirements/pr-programs/INVENTORY/PR-INVENTORY-03/00_CONTROLLER.md,330fad3c81065e72b2d98db128c7dfd56fc8091a1c8139e0375b4712b7278342,2742
docs/requirements/pr-programs/INVENTORY/PR-INVENTORY-03/PR-INVENTORY-03-S01.md,d59100d4a6ffaf37b882f97fd624142b16c6cf3c884ce844a0b9606d979f8604,87849
docs/requirements/pr-programs/INVENTORY/PR-INVENTORY-03/PR-INVENTORY-03-S02.md,050f8d2bbec81b3da8ce7972d58cbeeb367e61f79f7dd796e9ab93c83a490827,87809
docs/requirements/pr-programs/INVENTORY/PR-INVENTORY-03/PR-INVENTORY-03-S03.md,41bd85d9ef45f8a0bc0e696069cda5a6d831164b5037c4b7ecfe6d0b52baaaea,88469
docs/requirements/pr-programs/INVENTORY/PR-INVENTORY-03/PR-INVENTORY-03-S04.md,b49514203d269a999343d2c21e7c69740218c3221f98969e38560e30b7f255b4,88799
docs/requirements/pr-programs/INVENTORY/PR-INVENTORY-03/PR-INVENTORY-03-S05.md,cad6c7c628b16c9bf7bf4e8bef87363328f53c86cfc1909337d217ee4871ca5f,88609
docs/requirements/pr-programs/INVENTORY/PR-INVENTORY-03/PR-INVENTORY-03-S06.md,ce332becb109cf45c221078d74b39ddd6a5f05677087dda3ba2531ede4bbd555,87349
docs/requirements/pr-programs/INVENTORY/PR-INVENTORY-03/PR-INVENTORY-03-S07.md,ab33919ae130723e13924221d756f5074d59b02c09e5e680a17bed3a0c224810,88749
docs/requirements/pr-programs/INVENTORY/PR-INVENTORY-03/PR-INVENTORY-03-S08.md,eb5026d2449809f3934ad41a8ebcd3b5173d113d076aa15bc6a5364f248d4a85,89139
docs/requirements/pr-programs/INVENTORY/PR-INVENTORY-03/PR-INVENTORY-03-S09.md,25428585fa7cce66c9e6bcf216e3f22113469037ff20eddbb5e03f0e7465088f,88679
docs/requirements/pr-programs/INVENTORY/PR-INVENTORY-03/PR-INVENTORY-03-S10.md,9ddde0b1535cfeab077afe8f1a0f728da39e993e959042d9cfa9c27d96e2c4a2,89489
docs/requirements/pr-programs/INVENTORY/PR-INVENTORY-04/00_CONTROLLER.md,06dd2708b68b32de4ee469db182942a4aef0681785410bc2b90ce68c104b0176,2751
docs/requirements/pr-programs/INVENTORY/PR-INVENTORY-04/PR-INVENTORY-04-S01.md,856933076c132e35a0f06362e87a4e51f15e339a2a8ca6e690502f6940e8640c,88158
docs/requirements/pr-programs/INVENTORY/PR-INVENTORY-04/PR-INVENTORY-04-S02.md,a75c882a2ec6a25c681f0cff53300edf5361314b53f7bf144a60ae4959c07c51,88118
docs/requirements/pr-programs/INVENTORY/PR-INVENTORY-04/PR-INVENTORY-04-S03.md,e41bea6760f7379c8449616e5e39b2302e431d1b02ae2bacf2dd6136723ba321,88778
docs/requirements/pr-programs/INVENTORY/PR-INVENTORY-04/PR-INVENTORY-04-S04.md,b07cb36d6c259d9de7b6b2ce6fc16515898b6bcd974f0ecba80156554c5df8b4,89108
docs/requirements/pr-programs/INVENTORY/PR-INVENTORY-04/PR-INVENTORY-04-S05.md,1f3f48fbfde27af89e44b5b2a6cd32855b6dcf45b768257085afa38eca10e460,88918
docs/requirements/pr-programs/INVENTORY/PR-INVENTORY-04/PR-INVENTORY-04-S06.md,8fcff5bd5eae3ef535b8c4b6832c75e8d9e07dbb0713fa18efe5c569d344a91c,87658
docs/requirements/pr-programs/INVENTORY/PR-INVENTORY-04/PR-INVENTORY-04-S07.md,84795f87e205f344f5b48e7ef5aa652a0c38d0d00d77e6889fbfb0a77b4301c9,89058
docs/requirements/pr-programs/INVENTORY/PR-INVENTORY-04/PR-INVENTORY-04-S08.md,c203fc66f50adcaa7ebf8d392d7c4eee76857cde58d576190a907b8565d28714,89448
docs/requirements/pr-programs/INVENTORY/PR-INVENTORY-04/PR-INVENTORY-04-S09.md,07f6860965abf528b3af7687a672856ba35670f86f86732802f12c57ed54c4f2,88988
docs/requirements/pr-programs/INVENTORY/PR-INVENTORY-04/PR-INVENTORY-04-S10.md,ea1fb276f5ebc002d2034984e7e12291be35cc63307d461d8206b7de1460fc43,89798
docs/requirements/pr-programs/INVENTORY/PR-INVENTORY-05/00_CONTROLLER.md,8addcd9af6237b3d79b513c0ad225626f87b496d7d6da4f77ea3b64c8cd7cfaf,2749
docs/requirements/pr-programs/INVENTORY/PR-INVENTORY-05/PR-INVENTORY-05-S01.md,456d133443fb9f9c098c7a05f034745fc9138cbce3619d70cbe6a2ef6f36c7c6,87956
docs/requirements/pr-programs/INVENTORY/PR-INVENTORY-05/PR-INVENTORY-05-S02.md,60b45df9c3d918dfb9f1c0d739fff85e96d3c4212763cd75d72515629e211b7d,87916
docs/requirements/pr-programs/INVENTORY/PR-INVENTORY-05/PR-INVENTORY-05-S03.md,69029a8dff16b2c67e23fc2bafb2b29232bfeffc93a415b424887d5c1bc6ac71,88576
docs/requirements/pr-programs/INVENTORY/PR-INVENTORY-05/PR-INVENTORY-05-S04.md,18defb819a84df158976f8973f999ef980ee4c20178f23b3196c0a807bcb6d00,88906
docs/requirements/pr-programs/INVENTORY/PR-INVENTORY-05/PR-INVENTORY-05-S05.md,a0590ad7b12377bfc7f8777ff5dac5126f7ee8776058476ab6fc4622654eee08,88716
docs/requirements/pr-programs/INVENTORY/PR-INVENTORY-05/PR-INVENTORY-05-S06.md,4ef11bb42c5db751ca251f9131e3ac7daf0f6c58668bd92359de54e181e1eaae,87456
docs/requirements/pr-programs/INVENTORY/PR-INVENTORY-05/PR-INVENTORY-05-S07.md,f06ec1d705d3f6f2c8c3e26ae8bc701e0e2a30c5c16cc838dd17d3c365367cc5,88856
docs/requirements/pr-programs/INVENTORY/PR-INVENTORY-05/PR-INVENTORY-05-S08.md,2474e2d0d4a3577c2ea414d6438dc3b101cbda46ce2da7e6bd50b43a92d26ca4,89246
docs/requirements/pr-programs/INVENTORY/PR-INVENTORY-05/PR-INVENTORY-05-S09.md,79089c3ddffab5daca608855924c2c41478843be2f1c57d3f9a67f912f56d188,88786
docs/requirements/pr-programs/INVENTORY/PR-INVENTORY-05/PR-INVENTORY-05-S10.md,d48dbcbf006fc228fc463bc55cc75edd5dae6424b61be8c1a072c4b70c9065db,89596
docs/requirements/pr-programs/LANDED/PR-LANDED-01/00_CONTROLLER.md,783f3f160ab21f466f553d812113c9fe0d78fa0aafab198c127d0f4227dbb5f9,2577
docs/requirements/pr-programs/LANDED/PR-LANDED-01/PR-LANDED-01-S01.md,4f861cb599acdab11b5075a0a8286d641c9b2e52768ae3b0ccbcaefa04dcd922,88902
docs/requirements/pr-programs/LANDED/PR-LANDED-01/PR-LANDED-01-S02.md,71955b032137b5892f50f0dabdd7b223b8a8e5dc9e5b26ff91505f2f5b550a88,88862
docs/requirements/pr-programs/LANDED/PR-LANDED-01/PR-LANDED-01-S03.md,24daada6cc8fae7fc3151dc3912f0404158d32beae762a503f8ae8bbf3bf5b37,89522
docs/requirements/pr-programs/LANDED/PR-LANDED-01/PR-LANDED-01-S04.md,d4c8b2ba9ddb80da8a72623aa767e677b2baa40d8a12dae66ae52cfec8e1afd2,89852
docs/requirements/pr-programs/LANDED/PR-LANDED-01/PR-LANDED-01-S05.md,ac37e9bbeae13a669bda45773066b20c16ad9282680d58d9fb031658c5a8e197,89662
docs/requirements/pr-programs/LANDED/PR-LANDED-01/PR-LANDED-01-S06.md,2b2977875718e74b4f4c200f993bfeea303cf68e1a18085acc0e98d905d99dd8,88402
docs/requirements/pr-programs/LANDED/PR-LANDED-01/PR-LANDED-01-S07.md,d7a150ca45ec36c51b73c2e0e8e54d17c2c9ff149b87dfa15b3b7c6f380788ab,89802
docs/requirements/pr-programs/LANDED/PR-LANDED-01/PR-LANDED-01-S08.md,a94ceb2e90f60e1630dd3617bed742ca09f6711f624f443699c5c555865973ce,90192
docs/requirements/pr-programs/LANDED/PR-LANDED-01/PR-LANDED-01-S09.md,5e55dd785bfca04c81c0cf828a9f725f7afecb3843ad1018655abe55c9e1e2c3,89732
docs/requirements/pr-programs/LANDED/PR-LANDED-01/PR-LANDED-01-S10.md,81f674cabcf5fe1be4b5e6f9d647b3f163e4eec35fe1e37bb2737ffcd187a73b,90542
docs/requirements/pr-programs/LANDED/PR-LANDED-02/00_CONTROLLER.md,733d31ede6fc9e53d2ad9f0b061e434e54342aa478510a8e1867c30237616eb2,2559
docs/requirements/pr-programs/LANDED/PR-LANDED-02/PR-LANDED-02-S01.md,c0cffed7abe644ba4bcaa3bdb1a3be8f281e001da27a2caa13a9d192158193d2,88134
docs/requirements/pr-programs/LANDED/PR-LANDED-02/PR-LANDED-02-S02.md,a98828aecae2e26e5895a224c83b160dff1207fb86ece96e53d5125866f22620,88094
docs/requirements/pr-programs/LANDED/PR-LANDED-02/PR-LANDED-02-S03.md,92576d7525ce36b71619eddc1a4019abd6f434a1829e1e491ce5485b4a504925,88754
docs/requirements/pr-programs/LANDED/PR-LANDED-02/PR-LANDED-02-S04.md,f795c23208de3b0dce12c192887acfd0876dabafe40983bcbc376fb4b440de15,89084
docs/requirements/pr-programs/LANDED/PR-LANDED-02/PR-LANDED-02-S05.md,d7b493d91d6b9b2ba3a0950da404420195b2c10a26a290b0dd744d54e0669733,88894
docs/requirements/pr-programs/LANDED/PR-LANDED-02/PR-LANDED-02-S06.md,69ce90d23c200aed3febde9b54d1219a56b339b29020c1109f7bf300a9ee47f0,87634
docs/requirements/pr-programs/LANDED/PR-LANDED-02/PR-LANDED-02-S07.md,e08be33cd280ec4733e3c1f9b4b6447b692a3b2f289997dd93ff109c2c5c324c,89034
docs/requirements/pr-programs/LANDED/PR-LANDED-02/PR-LANDED-02-S08.md,e0997e0c2f30e8dd27b6946c922f372598395ba705ca7be271b73b473e984635,89424
docs/requirements/pr-programs/LANDED/PR-LANDED-02/PR-LANDED-02-S09.md,4b665c775ab57ebfc5363e6e98d72a4e3bb9f7486dbf3cbbdead26d4f710a652,88964
docs/requirements/pr-programs/LANDED/PR-LANDED-02/PR-LANDED-02-S10.md,94283e2c7aa8da61884b1e98e64dd1780c6dc17f33eb8d3206e44979c4853ac3,89774
docs/requirements/pr-programs/LANDED/PR-LANDED-03/00_CONTROLLER.md,41f7524c8fb8909d83e075cda927d9dde408cc2f9bc18d2bf8423454765ca56b,2534
docs/requirements/pr-programs/LANDED/PR-LANDED-03/PR-LANDED-03-S01.md,a45a96696ab9ec57c4a9d9d0104f95563bad79026f8b521d8a6b57f42423091d,87859
docs/requirements/pr-programs/LANDED/PR-LANDED-03/PR-LANDED-03-S02.md,33d933e42b9ddae2077cfca2eeffe270b1dcae86c923082fb3af685c4905c1b7,87819
docs/requirements/pr-programs/LANDED/PR-LANDED-03/PR-LANDED-03-S03.md,291c93daea1408ccddb41b9096d7109924d0d5fba928e0d3671faf995e96bc03,88479
docs/requirements/pr-programs/LANDED/PR-LANDED-03/PR-LANDED-03-S04.md,7d28ae026ce96d23465f5d57144537e8d3ce1a0df17ab075e5c4ab0675a4476e,88809
docs/requirements/pr-programs/LANDED/PR-LANDED-03/PR-LANDED-03-S05.md,5c102903575a520bc568750df109bc843f0fa01f80b3432450dd3b3a8ed072be,88619
docs/requirements/pr-programs/LANDED/PR-LANDED-03/PR-LANDED-03-S06.md,b54601fc837231b2f8f6498cb5f1f14e92705247c3917773583d2c761b5a22c5,87359
docs/requirements/pr-programs/LANDED/PR-LANDED-03/PR-LANDED-03-S07.md,8c2233f05fc814764b82319da59ed6af47907aba354cc6c4a541084b5afc4f9f,88759
docs/requirements/pr-programs/LANDED/PR-LANDED-03/PR-LANDED-03-S08.md,6a654999d44e511e8691cd841b400e5d57c134c598aec5c33cf922b7591dee2b,89149
docs/requirements/pr-programs/LANDED/PR-LANDED-03/PR-LANDED-03-S09.md,03f185e6e94311d34706ef11c50336d7cd800254ac975b9811d40ceafd56cc51,88689
docs/requirements/pr-programs/LANDED/PR-LANDED-03/PR-LANDED-03-S10.md,2aeada0a8a0d6f28d8284f0f2ecb7abfcba88a4442e6975300792682009fc4fc,89499
docs/requirements/pr-programs/LANDED/PR-LANDED-04/00_CONTROLLER.md,0f443451dc200f7f518e32621f68d168fd00431e0cf8ec68652dfff832719587,2556
docs/requirements/pr-programs/LANDED/PR-LANDED-04/PR-LANDED-04-S01.md,f3996dd1f69847ba430aab55beaa27b89c238313b693e72107344af26696940a,88231
docs/requirements/pr-programs/LANDED/PR-LANDED-04/PR-LANDED-04-S02.md,49b5475abd9c6d063a4c16e667a930e7cbba014b59eeb8a35bcd2f9c29169b0d,88191
docs/requirements/pr-programs/LANDED/PR-LANDED-04/PR-LANDED-04-S03.md,f0e07da4d81228e872587a22fa929d04f0d2b2c7c1eba891ce3eae8ba0d0c7c7,88851
docs/requirements/pr-programs/LANDED/PR-LANDED-04/PR-LANDED-04-S04.md,9fca61a46ae54ab7ec5caf8b22febe80c96339d714ee915660e1a13710e03eb7,89181
docs/requirements/pr-programs/LANDED/PR-LANDED-04/PR-LANDED-04-S05.md,e4ed5c53343a0588a3bf3347da1701f6b65cc814949a93d7f534fee595266d35,88991
docs/requirements/pr-programs/LANDED/PR-LANDED-04/PR-LANDED-04-S06.md,c224cb039256212f30f0022e4b31a393aaaab754076466b25a0b2afdf4a8e5dd,87731
docs/requirements/pr-programs/LANDED/PR-LANDED-04/PR-LANDED-04-S07.md,7ba628ac8873d3ada1c54e7aa046faaa586a6d752f6af8d8a73dcec9af432754,89131
docs/requirements/pr-programs/LANDED/PR-LANDED-04/PR-LANDED-04-S08.md,c015f067695003215f803f0ae38b1199936067df64d5c0090177bca82b58d5c9,89521
docs/requirements/pr-programs/LANDED/PR-LANDED-04/PR-LANDED-04-S09.md,fb02b8a5dfbb8f17e5cd1cb40cdfaf2a1ed5473d5cbbbf9d5fe5e38a02097c51,89061
docs/requirements/pr-programs/LANDED/PR-LANDED-04/PR-LANDED-04-S10.md,c33304c1d9ec9c670eac5481f14d755cc5dfdfdcd7807b1f30a617ba0a6308dc,89871
docs/requirements/pr-programs/LANDED/PR-LANDED-05/00_CONTROLLER.md,e5a5e35ba8442512882a14a55f7df0361a48e82204b962f2674ab190c68ea397,2560
docs/requirements/pr-programs/LANDED/PR-LANDED-05/PR-LANDED-05-S01.md,9ab9c6bf7c0e7d99c0ae51f8233cdaf5371ad30162c463f4817d843e8167587a,88735
docs/requirements/pr-programs/LANDED/PR-LANDED-05/PR-LANDED-05-S02.md,c1562c8c6ed41066657e9e46d9ea70966e9761b452f1f0f0b44dcbde955128fe,88695
docs/requirements/pr-programs/LANDED/PR-LANDED-05/PR-LANDED-05-S03.md,2289760fc68527fc215cc4ff73afdb62f9fb6b38283b96914dd7f78a739a9b63,89355
docs/requirements/pr-programs/LANDED/PR-LANDED-05/PR-LANDED-05-S04.md,e60c1be132202ad48e74a0a45c97b6a0e048ce0f671c5bac12748c97eea7a0d7,89685
docs/requirements/pr-programs/LANDED/PR-LANDED-05/PR-LANDED-05-S05.md,88a5673be734c4bd596598be4d15e792e4e977979b7ac7ace1754f837992ec0f,89495
docs/requirements/pr-programs/LANDED/PR-LANDED-05/PR-LANDED-05-S06.md,a99b1a673a2d84fb2566685cd3e746106d87ac490343e1a242a253dab176bedc,88235
docs/requirements/pr-programs/LANDED/PR-LANDED-05/PR-LANDED-05-S07.md,4d54771b72686fbc18ea66970432d4c9f8a50720217636826f7e290b3ed70c32,89635
docs/requirements/pr-programs/LANDED/PR-LANDED-05/PR-LANDED-05-S08.md,81e7c27b3b2767951d2f768b1e82e24aec83ed83b15bb700901048fadb19e9f7,90025
docs/requirements/pr-programs/LANDED/PR-LANDED-05/PR-LANDED-05-S09.md,447f455c504de866f8395503be7e0e9546108cbca794fccb0d24a61863b85d59,89565
docs/requirements/pr-programs/LANDED/PR-LANDED-05/PR-LANDED-05-S10.md,8afe0293df07f729a72dcab13da22695c1c0e7bc3060c5075b702af55d84eb79,90375
docs/requirements/pr-programs/PLATFORM/PR-PLATFORM-01/00_CONTROLLER.md,eaa2fdf6838304fce62debb8713a2e047c8efa330d26437c7b1e527601daf336,2679
docs/requirements/pr-programs/PLATFORM/PR-PLATFORM-01/PR-PLATFORM-01-S01.md,114d668be18843274e68b9bd8e2e1dad76047b45371c60ee30176eb511b228a9,89242
docs/requirements/pr-programs/PLATFORM/PR-PLATFORM-01/PR-PLATFORM-01-S02.md,228c07c74f12d685ad89cdad17a6e6ed30826a1e5d938e4149bfe62fc0336893,89202
docs/requirements/pr-programs/PLATFORM/PR-PLATFORM-01/PR-PLATFORM-01-S03.md,e725d6b60e9fdc176c61da4116bce46df68067f938a35a71518c1587e035b7d1,89862
docs/requirements/pr-programs/PLATFORM/PR-PLATFORM-01/PR-PLATFORM-01-S04.md,55362608b1c3cd0e7a6a65607b3c2a35b96dd0d159c692ffd17cec2523547fce,90192
docs/requirements/pr-programs/PLATFORM/PR-PLATFORM-01/PR-PLATFORM-01-S05.md,f0f3a08fc3b7002c627b472aae1724c9d11b229977781e319b75a20f4bf802a3,90002
docs/requirements/pr-programs/PLATFORM/PR-PLATFORM-01/PR-PLATFORM-01-S06.md,33135123e9451cf97ccede1daf2b3943ff8e21f27012fcec5121b8a292c4f530,88742
docs/requirements/pr-programs/PLATFORM/PR-PLATFORM-01/PR-PLATFORM-01-S07.md,c5e9a904dee120b6e811c1a3e7db1db11979f9c540a43a8837616aac350a4e7d,90142
docs/requirements/pr-programs/PLATFORM/PR-PLATFORM-01/PR-PLATFORM-01-S08.md,a140f1d734f33d82c83a3018f363b52657a93b1e08033b9917128819e3ff2c57,90532
docs/requirements/pr-programs/PLATFORM/PR-PLATFORM-01/PR-PLATFORM-01-S09.md,d4ed4c19ae3ebb58c079ab2c18461d42bfb18e712a2b82670b1d7af19cc6780e,90072
docs/requirements/pr-programs/PLATFORM/PR-PLATFORM-01/PR-PLATFORM-01-S10.md,5e8c93698cff886e2b17ccf40619076c810eee6593146a357d5396a529a48d54,90882
docs/requirements/pr-programs/PLATFORM/PR-PLATFORM-02/00_CONTROLLER.md,301c9169dbf5a7a0ddd2c4da954a332a593bad9a77c8d5cfbd235802d6fecfcd,2717
docs/requirements/pr-programs/PLATFORM/PR-PLATFORM-02/PR-PLATFORM-02-S01.md,d3c856d63c98cb0c2a60481ea200f61a410900dc30f13f10a114c5693a49ae86,90230
docs/requirements/pr-programs/PLATFORM/PR-PLATFORM-02/PR-PLATFORM-02-S02.md,6dace9d255906942b5fe59f121f231179615a03889c7920b0a9b0a6d0e735c1e,90190
docs/requirements/pr-programs/PLATFORM/PR-PLATFORM-02/PR-PLATFORM-02-S03.md,c451064327d88f4e4b8fcb201fc4eac0aaa18cf5b5f954dc0a6cf870be277c13,90850
docs/requirements/pr-programs/PLATFORM/PR-PLATFORM-02/PR-PLATFORM-02-S04.md,ca6f62b87371871a0c2d9e77df62e778b6191de93dad51218a7a8a73b951379f,91180
docs/requirements/pr-programs/PLATFORM/PR-PLATFORM-02/PR-PLATFORM-02-S05.md,171220217dc6c4134a7aa167871135fd7b3450f69c898cc4caebb373592ee5e6,90990
docs/requirements/pr-programs/PLATFORM/PR-PLATFORM-02/PR-PLATFORM-02-S06.md,a7de1f6bf747d635485e671a3e6e2124592cf02f8cea36ca5855504c01047c6d,89730
docs/requirements/pr-programs/PLATFORM/PR-PLATFORM-02/PR-PLATFORM-02-S07.md,cbe18d4acdba10c51f270d834f0212e1280d6fbe98b6faa4a02d3e0a7d3833f0,91130
docs/requirements/pr-programs/PLATFORM/PR-PLATFORM-02/PR-PLATFORM-02-S08.md,b417b880e692d9dc7929d44036ccd102a234796f98abec76922d2ee41d6bc423,91520
docs/requirements/pr-programs/PLATFORM/PR-PLATFORM-02/PR-PLATFORM-02-S09.md,fbea131a9e9a05aa15f6a919727d809c7917d3efb2b83acd29007c4ddd52b384,91060
docs/requirements/pr-programs/PLATFORM/PR-PLATFORM-02/PR-PLATFORM-02-S10.md,67f072682b85994bcc7c31d56d3dc391541fb9305090b2a5e00dd9eb31209ce8,91870
docs/requirements/pr-programs/PLATFORM/PR-PLATFORM-03/00_CONTROLLER.md,3ad36bdfae87da2c85c28646241204e73fab6458811b6584c7e10143df2f120a,2702
docs/requirements/pr-programs/PLATFORM/PR-PLATFORM-03/PR-PLATFORM-03-S01.md,2d7529b70e5babb310e0af5fe533d6fadbb492e0c187e2ec29a9d6c999127a60,89615
docs/requirements/pr-programs/PLATFORM/PR-PLATFORM-03/PR-PLATFORM-03-S02.md,d5035ba4784e1d4d96e80802c8e6ddc1fa4e1dd8870c1916798c9852b0898f2f,89575
docs/requirements/pr-programs/PLATFORM/PR-PLATFORM-03/PR-PLATFORM-03-S03.md,95a1eb237cbd20e4770757c1a6bf07761171e5c0a7e74e26eaa1ffa0d2e776ed,90235
docs/requirements/pr-programs/PLATFORM/PR-PLATFORM-03/PR-PLATFORM-03-S04.md,8ebea86fb42d749aca810b651c3e5560bb1a50cecd686a47378e7f2b929cd9ff,90565
docs/requirements/pr-programs/PLATFORM/PR-PLATFORM-03/PR-PLATFORM-03-S05.md,d13185ac3116f6cd60d1338e5080654a953178949828718af45e5d2a4d0eaa37,90375
docs/requirements/pr-programs/PLATFORM/PR-PLATFORM-03/PR-PLATFORM-03-S06.md,c9c4f6e6a80158a70c6e493ad059d5f00539079814434c4e1beb3724556d97bf,89115
docs/requirements/pr-programs/PLATFORM/PR-PLATFORM-03/PR-PLATFORM-03-S07.md,36ac82c3eafe3b2e475af31c51a267d235ac87f54afc4ff13ee95a4766222940,90515
docs/requirements/pr-programs/PLATFORM/PR-PLATFORM-03/PR-PLATFORM-03-S08.md,6d2ebc0f8bfa75b154fdb22fe62bd48cae3c99a209a5fc3fee9db7d255d382c6,90905
docs/requirements/pr-programs/PLATFORM/PR-PLATFORM-03/PR-PLATFORM-03-S09.md,5cf0f7e531a24951f79b8de1078d51e2074993b7c632ce4034eea616701d275e,90445
docs/requirements/pr-programs/PLATFORM/PR-PLATFORM-03/PR-PLATFORM-03-S10.md,dfd01efff1a7a80015e96d96634ea6d960f4d0eaa515b9e59d27c054e866f3e9,91255
docs/requirements/pr-programs/PLATFORM/PR-PLATFORM-04/00_CONTROLLER.md,84916dd04c931582c1380eb21661545d811f385cf473b2efecfbde77d28d456c,2692
docs/requirements/pr-programs/PLATFORM/PR-PLATFORM-04/PR-PLATFORM-04-S01.md,1e171b18e624281cb0d7bea5d7a7b7675b42e7bd0c683e334c19510c6394cfc8,89455
docs/requirements/pr-programs/PLATFORM/PR-PLATFORM-04/PR-PLATFORM-04-S02.md,678b7b890e3b9fac40dc2bfb89d18292161f51d83adf770fdfb8fe996fc2dba1,89415
docs/requirements/pr-programs/PLATFORM/PR-PLATFORM-04/PR-PLATFORM-04-S03.md,ce4e04ebc167d3902f021e23607084ea1af901826c34d78326226abf97bef220,90075
docs/requirements/pr-programs/PLATFORM/PR-PLATFORM-04/PR-PLATFORM-04-S04.md,e4df69355c03246c6688ba43d26e8b3260434042326c19ec8ca9257612b72ce9,90405
docs/requirements/pr-programs/PLATFORM/PR-PLATFORM-04/PR-PLATFORM-04-S05.md,8788a67e47cf0f90052e5a922e8fbd18c39901a9a0399169b56d612a1e9a1000,90215
docs/requirements/pr-programs/PLATFORM/PR-PLATFORM-04/PR-PLATFORM-04-S06.md,c5a71bd7931dc9aa0185f75c9c3e3a4e04bae58b1698cdbc165820e2473876c1,88955
docs/requirements/pr-programs/PLATFORM/PR-PLATFORM-04/PR-PLATFORM-04-S07.md,94892beac52d31e44f859d6ab0af1c4779efcccc3b597a8fb9c110ee821df447,90355
docs/requirements/pr-programs/PLATFORM/PR-PLATFORM-04/PR-PLATFORM-04-S08.md,137c57133b14bc4f2f348a248a823c388ff813b121acb27d9ed1f43767e69360,90745
docs/requirements/pr-programs/PLATFORM/PR-PLATFORM-04/PR-PLATFORM-04-S09.md,7095551da359ffe90f25207e7bf9a9111f709c508f56e51eb38ae24b01649a7f,90285
docs/requirements/pr-programs/PLATFORM/PR-PLATFORM-04/PR-PLATFORM-04-S10.md,cd82f690a2c531a123b03349b0f49906eaaf567d808e695db01ed92b5bf11ea6,91095
docs/requirements/pr-programs/PLATFORM/PR-PLATFORM-05/00_CONTROLLER.md,8609255308626398bf70c0eccee14f46c7e79303972e1d960ca5a2739b273913,2710
docs/requirements/pr-programs/PLATFORM/PR-PLATFORM-05/PR-PLATFORM-05-S01.md,cb561ee1c6ffad6f4ead8e8e9647dbc0f0ce66b3c07082f6d6dc97ac4ab83552,90123
docs/requirements/pr-programs/PLATFORM/PR-PLATFORM-05/PR-PLATFORM-05-S02.md,184a77e88dceb25d7c55865701b7057059fd0cfefd17159c3cb2596b7cfc368d,90083
docs/requirements/pr-programs/PLATFORM/PR-PLATFORM-05/PR-PLATFORM-05-S03.md,9c53b6bf6fb63ec54b753ba1b2362749c0dd4d8ee1793796ff6c1940959d82a7,90743
docs/requirements/pr-programs/PLATFORM/PR-PLATFORM-05/PR-PLATFORM-05-S04.md,dfde00fdb60ac7df808023d9982e6fd1274a22e366fd13d94cc69f46a9d28b95,91073
docs/requirements/pr-programs/PLATFORM/PR-PLATFORM-05/PR-PLATFORM-05-S05.md,d36a51eabe8344d56df116732002928aaa74d6ae856d50685b330ff88a6abfa8,90883
docs/requirements/pr-programs/PLATFORM/PR-PLATFORM-05/PR-PLATFORM-05-S06.md,5702a54db06ae8d2c47ab3283a75e323202130096e14d107dc3c06765a292e5a,89623
docs/requirements/pr-programs/PLATFORM/PR-PLATFORM-05/PR-PLATFORM-05-S07.md,61df12e1db17218c89c514f7c18db701c0ac16a24a51c03b5fc17c9cb9f226e6,91023
docs/requirements/pr-programs/PLATFORM/PR-PLATFORM-05/PR-PLATFORM-05-S08.md,b75da4c46c5b9c9e921d1c0e20191674c8e60cc3f00738747f740e3581621658,91413
docs/requirements/pr-programs/PLATFORM/PR-PLATFORM-05/PR-PLATFORM-05-S09.md,0f98ab34d4f0c28347274c7985428edc1aab309e76198be0c3f420d306d8611d,90953
docs/requirements/pr-programs/PLATFORM/PR-PLATFORM-05/PR-PLATFORM-05-S10.md,079a6b5db0ef81d40a1fee60d14d46914f4531f33ffe4ace403474d599e6ceeb,91763
docs/requirements/pr-programs/PURCHASING/PR-PURCHASING-01/00_CONTROLLER.md,cec8dbbf310eba0c77024f9c2d42c0f41b906bd19000ce2e18390b82dd02b629,2828
docs/requirements/pr-programs/PURCHASING/PR-PURCHASING-01/PR-PURCHASING-01-S01.md,49d0f4740491d54417a2987fafeb42db5ae8c46dd52d97aa53f3633dc8b80caf,89079
docs/requirements/pr-programs/PURCHASING/PR-PURCHASING-01/PR-PURCHASING-01-S02.md,ad1e6973b5ac76771f6fb7e45622df8842caac2afb04fcf802383e860aadbc8e,89039
docs/requirements/pr-programs/PURCHASING/PR-PURCHASING-01/PR-PURCHASING-01-S03.md,f3eec58219fa105ac48f37dfcd2a09fc1491d7ab14db7a897edce24e68b54199,89699
docs/requirements/pr-programs/PURCHASING/PR-PURCHASING-01/PR-PURCHASING-01-S04.md,e96e65e79d021aec76e1facfe31fc1379f3974f1f31683b1c1540363e19b9c0e,90029
docs/requirements/pr-programs/PURCHASING/PR-PURCHASING-01/PR-PURCHASING-01-S05.md,35c2e09ec0708e8e2b0c1bacc1d795646ae1deca188f96584a1c0cfc5679fb95,89839
docs/requirements/pr-programs/PURCHASING/PR-PURCHASING-01/PR-PURCHASING-01-S06.md,030e2cb595feee781809271e3047f38c902415fa54c0028f21748ccdb63cc079,88579
docs/requirements/pr-programs/PURCHASING/PR-PURCHASING-01/PR-PURCHASING-01-S07.md,7e978ccab10c279470edc0095de1f0aec6b7bc1e195466a4decf2569faa31115,89979
docs/requirements/pr-programs/PURCHASING/PR-PURCHASING-01/PR-PURCHASING-01-S08.md,8515a82385ea987caf660f0634c5d0c2ce5e2b2d49512a078317a2d044880dbb,90369
docs/requirements/pr-programs/PURCHASING/PR-PURCHASING-01/PR-PURCHASING-01-S09.md,435e6e4094d53da0de310f74d2dda3421050b61f2c6755dae84f170da782a407,89909
docs/requirements/pr-programs/PURCHASING/PR-PURCHASING-01/PR-PURCHASING-01-S10.md,2882a3505c12c3e5e94151089e7ba68b8d29edff0a0dd237f856a8429decfd65,90719
docs/requirements/pr-programs/PURCHASING/PR-PURCHASING-02/00_CONTROLLER.md,bce23d7e0922da4bf105b8d510d1be773e52a074ececc2be64a95b4170985248,2812
docs/requirements/pr-programs/PURCHASING/PR-PURCHASING-02/PR-PURCHASING-02-S01.md,bdae0c782ba7e335293dc843f1383a6076ca06f4ee8df0163b6f0002a82d04c4,88363
docs/requirements/pr-programs/PURCHASING/PR-PURCHASING-02/PR-PURCHASING-02-S02.md,aad62ca631a4e5170ff5deb8653f0f1af555b0d984574b20ac490a965fee9eb5,88323
docs/requirements/pr-programs/PURCHASING/PR-PURCHASING-02/PR-PURCHASING-02-S03.md,611d0ef909e01969bbe642606913957db61d3930b8d5f4c1622076ab58014d79,88983
docs/requirements/pr-programs/PURCHASING/PR-PURCHASING-02/PR-PURCHASING-02-S04.md,38f206eec4ee3cfc237ee271c55c62406c19a45e0d3b42e46f5c9383c9b7a3fb,89313
docs/requirements/pr-programs/PURCHASING/PR-PURCHASING-02/PR-PURCHASING-02-S05.md,9e7b70d310668615cbe0629a7104a5618997f5db5624f6aa03b56b3b42739871,89123
docs/requirements/pr-programs/PURCHASING/PR-PURCHASING-02/PR-PURCHASING-02-S06.md,56c60e8f422bfffe5655f80192efe4da0bfc29a252eb84ecca5ff288200697dd,87863
docs/requirements/pr-programs/PURCHASING/PR-PURCHASING-02/PR-PURCHASING-02-S07.md,ca9793239c0a43bf6279cbac0f418f166303b7d0caaa8c20fde14cdd8bd3d6c1,89263
docs/requirements/pr-programs/PURCHASING/PR-PURCHASING-02/PR-PURCHASING-02-S08.md,5e04fa3d822c3d9357c5ca368e4a6335acebdbd065d8578c9d335414fcc02ead,89653
docs/requirements/pr-programs/PURCHASING/PR-PURCHASING-02/PR-PURCHASING-02-S09.md,c4850b56ad752c8fc1b6603cb05bd11b760aecb45285b4861e36f1bec207a98a,89193
docs/requirements/pr-programs/PURCHASING/PR-PURCHASING-02/PR-PURCHASING-02-S10.md,1c26e762cfd348a1a703281fa7ccaf3a7ff1c02c5c6f3771208fd17170488448,90003
docs/requirements/pr-programs/PURCHASING/PR-PURCHASING-03/00_CONTROLLER.md,8fe951c06f15cc3be3489b4699bf4f950cd38c6df460351efdf14193521a7332,2819
docs/requirements/pr-programs/PURCHASING/PR-PURCHASING-03/PR-PURCHASING-03-S01.md,1796f26e7bd877ea4938237b02aa26b85579be2137bca435b7338b21ccd220fb,88770
docs/requirements/pr-programs/PURCHASING/PR-PURCHASING-03/PR-PURCHASING-03-S02.md,6bb4d5c0331a99e5444ec8a1ad4abe229f6979970f605c3195164c81c954f2c4,88730
docs/requirements/pr-programs/PURCHASING/PR-PURCHASING-03/PR-PURCHASING-03-S03.md,06c4e9b44c15f9741291409d8c627ff6c31f2630ebcdbbcfcea73352cfa1747d,89390
docs/requirements/pr-programs/PURCHASING/PR-PURCHASING-03/PR-PURCHASING-03-S04.md,a0656d4b327159ee0c28cdefd317af2692f5fa88f69971f9193ff625f6b43aa1,89720
docs/requirements/pr-programs/PURCHASING/PR-PURCHASING-03/PR-PURCHASING-03-S05.md,b8e582dbda6479f790e2c8356d607a34e7fdca51ac561e4533abf037d7e30834,89530
docs/requirements/pr-programs/PURCHASING/PR-PURCHASING-03/PR-PURCHASING-03-S06.md,8536e7fe8a951cb4077b782016368de0ae43f4c8e063cdfb3a36a6d9e804486a,88270
docs/requirements/pr-programs/PURCHASING/PR-PURCHASING-03/PR-PURCHASING-03-S07.md,e36bc3869802fc5f8413965d912912fcfbe6d0804d11f53b3a7ba2f29aab9ff7,89670
docs/requirements/pr-programs/PURCHASING/PR-PURCHASING-03/PR-PURCHASING-03-S08.md,cd907865f53e69027b12f0a5b2d6c5b4db2b71acbb8f3155ffffbb90c45b070f,90060
docs/requirements/pr-programs/PURCHASING/PR-PURCHASING-03/PR-PURCHASING-03-S09.md,45206500c0464b2dc4e63c260353e3c795d8cab46106958d8b9679d9ac4bd1b9,89600
docs/requirements/pr-programs/PURCHASING/PR-PURCHASING-03/PR-PURCHASING-03-S10.md,0b2e3af9c6c72293c7dbe3bd8ec9e6c75a1fa2811b4d8bbf759e1aae9d12a6ea,90410
docs/requirements/pr-programs/PURCHASING/PR-PURCHASING-04/00_CONTROLLER.md,ddd81e7612b7349a80ef5aff6bc094230bbc74afba17b06d33fac58e2488842a,2804
docs/requirements/pr-programs/PURCHASING/PR-PURCHASING-04/PR-PURCHASING-04-S01.md,0813866e23a54283456adc84209120fea434a7638dbac6d479c22c2dd3d4ecde,88305
docs/requirements/pr-programs/PURCHASING/PR-PURCHASING-04/PR-PURCHASING-04-S02.md,6737f27ca2f4244c6297ca47cbbf7bdf08fd53fa5b5c98dd07253ec705ee1c59,88265
docs/requirements/pr-programs/PURCHASING/PR-PURCHASING-04/PR-PURCHASING-04-S03.md,af70a116c9fa0ba4c5ee660c7abcaee1b9cc4e149670c2bbac9adc6ac2c51564,88925
docs/requirements/pr-programs/PURCHASING/PR-PURCHASING-04/PR-PURCHASING-04-S04.md,5b50efc29c35c304315794fcc0e356f8264652af8441b2c3a6f0ddef1dc5d549,89255
docs/requirements/pr-programs/PURCHASING/PR-PURCHASING-04/PR-PURCHASING-04-S05.md,13a77c86233193903b75ddd6ff53239a74885849702a907dc462446accff6109,89065
docs/requirements/pr-programs/PURCHASING/PR-PURCHASING-04/PR-PURCHASING-04-S06.md,06a6c265bc6bf8daff073c01011c7370fcf2a6056974c5777597ee09d0107f66,87805
docs/requirements/pr-programs/PURCHASING/PR-PURCHASING-04/PR-PURCHASING-04-S07.md,d43ba3c8ce29248cb6fbafbf68f9eca94172855effe2d887eacd31228000529a,89205
docs/requirements/pr-programs/PURCHASING/PR-PURCHASING-04/PR-PURCHASING-04-S08.md,90115c9e511d1efacc16089ea43c23910f18ebc3bb03a7355b7d82c56967b472,89595
docs/requirements/pr-programs/PURCHASING/PR-PURCHASING-04/PR-PURCHASING-04-S09.md,266bbadfddb6ff7fe6f3b1b1bcea8409c6323bb5d35960703acaa3d9343cd1a0,89135
docs/requirements/pr-programs/PURCHASING/PR-PURCHASING-04/PR-PURCHASING-04-S10.md,94247e31a2f066d096156136797170522463a6c3808dd318e8616df9a016b4c4,89945
docs/requirements/pr-programs/PURCHASING/PR-PURCHASING-05/00_CONTROLLER.md,0b7e836f1a0550cdc931748f0866082a3aa441a2b26d10c9cdaa6d1fa0aecc3e,2820
docs/requirements/pr-programs/PURCHASING/PR-PURCHASING-05/PR-PURCHASING-05-S01.md,f4869c01f7ca920ef7e1accea56a2ae35e10c5ecbce7976be567a60fd3aba194,88721
docs/requirements/pr-programs/PURCHASING/PR-PURCHASING-05/PR-PURCHASING-05-S02.md,e32e1ec2942f804bcf48eb63d3ee1b5d4d83c7269f764bd6bcafdf192ce63335,88681
docs/requirements/pr-programs/PURCHASING/PR-PURCHASING-05/PR-PURCHASING-05-S03.md,ef716838056bd41d5600500eb7de6afd2832eb66431e749e344c9bf42aba6a87,89341
docs/requirements/pr-programs/PURCHASING/PR-PURCHASING-05/PR-PURCHASING-05-S04.md,350a3981e7df53b99b3c8cde6e0d54e10e2fb20ad82fd4f2f96cfa27c4ef5d2a,89671
docs/requirements/pr-programs/PURCHASING/PR-PURCHASING-05/PR-PURCHASING-05-S05.md,9759cabf5ec9f5c41202d86286fedbddffd8797472c4ad3e72cb41e65aa81b99,89481
docs/requirements/pr-programs/PURCHASING/PR-PURCHASING-05/PR-PURCHASING-05-S06.md,c2416438fb856f5cd11784ae1da4e03e16170dabded62fa11735be135fd3efcf,88221
docs/requirements/pr-programs/PURCHASING/PR-PURCHASING-05/PR-PURCHASING-05-S07.md,d015567a353e6e51077efd0d357c395f86c750514dbf67b7c624239e932b7f0b,89621
docs/requirements/pr-programs/PURCHASING/PR-PURCHASING-05/PR-PURCHASING-05-S08.md,44dbcdeb73d766bbf4113327938ce35392ffab3c54c68f95c7401cb56be847b4,90011
docs/requirements/pr-programs/PURCHASING/PR-PURCHASING-05/PR-PURCHASING-05-S09.md,93c64a23f71fee3105ad817233ebca8d5cffadae3fb016030fdf2a798c50f886,89551
docs/requirements/pr-programs/PURCHASING/PR-PURCHASING-05/PR-PURCHASING-05-S10.md,9633258d702d655cdb8406af41dec8289a2bedd401b3b4f070e3443824ba5ed8,90361
docs/requirements/pr-programs/QA/PR-QA-01/00_CONTROLLER.md,794e3f557e94585ab201e91296e7c26b2fa625f2eef8662bbd1fd634576900ac,2312
docs/requirements/pr-programs/QA/PR-QA-01/PR-QA-01-S01.md,cd38d6a2678d25b14ad47160ddbbdcb440488ef2acb1b8492601f75d513ef33e,89661
docs/requirements/pr-programs/QA/PR-QA-01/PR-QA-01-S02.md,e756a636d3389fe9101c0182779d193fa1f718ccf8c468966211755cf5213e4e,89621
docs/requirements/pr-programs/QA/PR-QA-01/PR-QA-01-S03.md,b28fa7bf060c77694ec117efd13cfff77499bf91cecae09c8e4b3473d7ac9492,90281
docs/requirements/pr-programs/QA/PR-QA-01/PR-QA-01-S04.md,95616ae586cae60413c5866736380586103db7872099584a27328e64bcea596d,90611
docs/requirements/pr-programs/QA/PR-QA-01/PR-QA-01-S05.md,43bcb576a541d507a761bc7a4bc9fb00ac8891dffe57877607fe8bb0cbf1c8f5,90421
docs/requirements/pr-programs/QA/PR-QA-01/PR-QA-01-S06.md,081d11bccc8f238f3b12d8ddeebbb67bef2d789555381454ecec9e1e5db3ef2f,89161
docs/requirements/pr-programs/QA/PR-QA-01/PR-QA-01-S07.md,c2a5c09a8bfbe9531f70da5ab44afac60f5c38efe1d4648f405efa3ef04800be,90561
docs/requirements/pr-programs/QA/PR-QA-01/PR-QA-01-S08.md,fc0d4507bcae4f13224b6c7d704409f1b9d1307306bf23588e5435536e7de444,90951
docs/requirements/pr-programs/QA/PR-QA-01/PR-QA-01-S09.md,b18b1b06ed2735eb84260ae191f5b701f73d2faaff92e0b2d4a1710aacd8a7e4,90491
docs/requirements/pr-programs/QA/PR-QA-01/PR-QA-01-S10.md,4dbd55ff21866b2f815df9a10c5b6c59a2afa276ec2c4b21f7696af97621e76d,91301
docs/requirements/pr-programs/QA/PR-QA-02/00_CONTROLLER.md,152bf8e273ff1f50c333f7f3f5a7fdb967fb629782ac80e2149077cc83f73170,2290
docs/requirements/pr-programs/QA/PR-QA-02/PR-QA-02-S01.md,f53eede57b428bca8ef4fc7ab610c2f86d8a5263818a2779d10ddd799660fee9,89139
docs/requirements/pr-programs/QA/PR-QA-02/PR-QA-02-S02.md,5d84241396511e74aee170fa4293a7123190d46b109bf4fa2272ddf3311c220d,89099
docs/requirements/pr-programs/QA/PR-QA-02/PR-QA-02-S03.md,f5a1f751d8755b54470553d810d068333d5104e2032215dd5f784507555199f6,89759
docs/requirements/pr-programs/QA/PR-QA-02/PR-QA-02-S04.md,e53230a42e9753ad26fdb17422d56fe2ab0887416b75ee5a23302e0b4463e0e3,90089
docs/requirements/pr-programs/QA/PR-QA-02/PR-QA-02-S05.md,5f1114538d8facba409e0b03a4ad67b74d406d61bbbcfdbf575270ed854a732c,89899
docs/requirements/pr-programs/QA/PR-QA-02/PR-QA-02-S06.md,a68c2994a014d1359c569efba29e0a1165a07a57991da4f884651e0b9bdd911d,88639
docs/requirements/pr-programs/QA/PR-QA-02/PR-QA-02-S07.md,0574b880ed02ffbb234d6ffdc8dde8732863dcd88e7e12b103abde998745bca9,90039
docs/requirements/pr-programs/QA/PR-QA-02/PR-QA-02-S08.md,6b8ea655bacfeb241a9c56467a1b60628151d786130718923782e69f06168180,90429
docs/requirements/pr-programs/QA/PR-QA-02/PR-QA-02-S09.md,be56038854a80103e2149730fabec5dadda7a8fcf53f17c8584e6f71e0b8a6a7,89969
docs/requirements/pr-programs/QA/PR-QA-02/PR-QA-02-S10.md,3c14a137805bd0353c20c4faf7deb8cddd608f68ae349e4326adae150c0592f5,90779
docs/requirements/pr-programs/QA/PR-QA-03/00_CONTROLLER.md,0f4372df8be5dc834a47ef769c03773cddf8542970de870d35122b4f5550a4d4,2291
docs/requirements/pr-programs/QA/PR-QA-03/PR-QA-03-S01.md,787947eac2ff0bee5c8b4dc28c6b6fa746164bde9082657540a695c8703363d2,88540
docs/requirements/pr-programs/QA/PR-QA-03/PR-QA-03-S02.md,903f5e248358442805f62b31ad9896b90c73ae6292243535a264f9673378c055,88500
docs/requirements/pr-programs/QA/PR-QA-03/PR-QA-03-S03.md,92007a8a35ee29375a8f771c7c7fe7ab4f814b963f9d608af8bd4e0718ee6078,89160
docs/requirements/pr-programs/QA/PR-QA-03/PR-QA-03-S04.md,18e911d7edae1d921f7f7027fba4167320ab0247384c81a535360123413ffee6,89490
docs/requirements/pr-programs/QA/PR-QA-03/PR-QA-03-S05.md,05c1140fe2055c0ce63aa4d9947e61cc2617737660cff2b2df8a17bcb3830cd0,89300
docs/requirements/pr-programs/QA/PR-QA-03/PR-QA-03-S06.md,673a5b677f6873593b05ea481776576ac6ef420233201b46290289cc7ded5455,88040
docs/requirements/pr-programs/QA/PR-QA-03/PR-QA-03-S07.md,290eef8551356b32c4ebb93624f866ae97c2cfb81a7fd8109ed645fc2881868b,89440
docs/requirements/pr-programs/QA/PR-QA-03/PR-QA-03-S08.md,1e4c0276a660fd4c535379e981a167960a00f6946b18f75f7d8383e120c22766,89830
docs/requirements/pr-programs/QA/PR-QA-03/PR-QA-03-S09.md,5ce6fe99003a6e02f6bf33543fbb77b04326f9de3633cdc82052c9dd9d272a88,89370
docs/requirements/pr-programs/QA/PR-QA-03/PR-QA-03-S10.md,cdc6501cc8d01858c6f773fdd01df512e342b8c176e9b384308c99bc07cfb85b,90180
docs/requirements/pr-programs/QA/PR-QA-04/00_CONTROLLER.md,4690d41f3890fe18d100a1c5a1febfe6ca01d27a75af2e528571016f3161d14f,2297
docs/requirements/pr-programs/QA/PR-QA-04/PR-QA-04-S01.md,e6be399fb55f15bba3445f257151fcc7f7e5134c601842af40180a635a7b7726,89396
docs/requirements/pr-programs/QA/PR-QA-04/PR-QA-04-S02.md,86363bcc77b8c95219d874d59cb5624e3519530d872cac1979dcecc0d7021f23,89356
docs/requirements/pr-programs/QA/PR-QA-04/PR-QA-04-S03.md,ccb468fc1e450d4b7550c7d439eb98006da7206d088ff98f26f8f99f9fb76720,90016
docs/requirements/pr-programs/QA/PR-QA-04/PR-QA-04-S04.md,9500d45ba296aee8f80e7df6783e39a8582fa13017f363594810e7f9e9fc16a2,90346
docs/requirements/pr-programs/QA/PR-QA-04/PR-QA-04-S05.md,832cd83e3715f98453716e745136fc68e4e008242d588d4770b1d36364afd94b,90156
docs/requirements/pr-programs/QA/PR-QA-04/PR-QA-04-S06.md,2a209dc2e8492167e1ce2ab997cf669a8d312c34da910c1293848166c819dcdb,88896
docs/requirements/pr-programs/QA/PR-QA-04/PR-QA-04-S07.md,23ffdd9786417d78b2044f163183ec237318429f2c5947528d69089b2b46a8ec,90296
docs/requirements/pr-programs/QA/PR-QA-04/PR-QA-04-S08.md,97a9430d747f5a69b9e6fc42cea4effaab333f4ad16a6c4dbb03f81c9d303e07,90686
docs/requirements/pr-programs/QA/PR-QA-04/PR-QA-04-S09.md,7fab8bb20e1bdfe4c058987bf6acf204773dcd323b9618dcdc8821f93f101637,90226
docs/requirements/pr-programs/QA/PR-QA-04/PR-QA-04-S10.md,5cfb3c0ca49f731e15d6fa27d872c1365c9da9aa40354d353907ad43a09331d4,91036
docs/requirements/pr-programs/QA/PR-QA-05/00_CONTROLLER.md,75589d830af3f9c49125599e91b9e3e2da1c98289b24ca1b90049013784d0022,2307
docs/requirements/pr-programs/QA/PR-QA-05/PR-QA-05-S01.md,e66f6bd19aa33fc2cb7a2ebed4383ade3d9f31b27332369559f81ab657f10862,89606
docs/requirements/pr-programs/QA/PR-QA-05/PR-QA-05-S02.md,95547cf9beb4b29967513618bde9fc85b7722627f038f8f3aa54d24cef929d0e,89566
docs/requirements/pr-programs/QA/PR-QA-05/PR-QA-05-S03.md,0b99558fdee8779160d88677d69c8d49d25037765542f9e38b05ef473888cac5,90226
docs/requirements/pr-programs/QA/PR-QA-05/PR-QA-05-S04.md,0c340c666a91a4d8009b23388b72ef14e525a75c5de3e4e3d61a6b7dbe2db4f8,90556
docs/requirements/pr-programs/QA/PR-QA-05/PR-QA-05-S05.md,1ca48902bbb6c77258b73034e7fb27f6c9162ee68f270744c2eb666c2db89d33,90366
docs/requirements/pr-programs/QA/PR-QA-05/PR-QA-05-S06.md,cb74e9f24c58eb09da467bf2761cdad50f63ad6f9eac75578ea6a7302c702128,89106
docs/requirements/pr-programs/QA/PR-QA-05/PR-QA-05-S07.md,dcbb888a29b975fc60e66b0b62581c5b0ad29f78f6dfbd2028b7b5389b406f39,90506
docs/requirements/pr-programs/QA/PR-QA-05/PR-QA-05-S08.md,e7a32350b2b39c3815e2572b0b8963d3749ad8ad32776067fda9ef9d2f9c750b,90896
docs/requirements/pr-programs/QA/PR-QA-05/PR-QA-05-S09.md,7779aafc25403cb5dd1ae199a7aeb748813c3b53311d3f9a484f9e9c6252ad82,90436
docs/requirements/pr-programs/QA/PR-QA-05/PR-QA-05-S10.md,3962abf649301d9b8d8195602db460bc01174e38da49432f2e07f9b755b002cf,91246
docs/requirements/pr-programs/SALES/PR-SALES-01/00_CONTROLLER.md,ea952c3a797e973d783b86aa3a59884ec81b6c539c34083b4c4292191454d17a,2482
docs/requirements/pr-programs/SALES/PR-SALES-01/PR-SALES-01-S01.md,9bae8ed8df514229178c4dd62116e5f18eb5d9b3285393b733f8c7a43599e74e,88613
docs/requirements/pr-programs/SALES/PR-SALES-01/PR-SALES-01-S02.md,83579cb5f20aacf220da0b03ef8765fcae0d44bda339ac175a456fcdd54c237f,88573
docs/requirements/pr-programs/SALES/PR-SALES-01/PR-SALES-01-S03.md,9083f5ee73cd21d3e266f9dad088b26d73db3c9376ab2252c370d38e34059e72,89233
docs/requirements/pr-programs/SALES/PR-SALES-01/PR-SALES-01-S04.md,783aabc9057c37650f4b5c2901ea4192f49afce168c101c2fd1c8e8bd4ef4ce9,89563
docs/requirements/pr-programs/SALES/PR-SALES-01/PR-SALES-01-S05.md,c2c6ffbc2402d092c9ed865472ae3ecfbbff86fd2e68d36dd8014136a3b992ea,89373
docs/requirements/pr-programs/SALES/PR-SALES-01/PR-SALES-01-S06.md,9db43bce1e092947edeeda4cf2f8ec85356c3b24ceee039f98c0c3284c2ff80b,88113
docs/requirements/pr-programs/SALES/PR-SALES-01/PR-SALES-01-S07.md,c50ff70ca05e50f4740d5c28b0969b98c98d03059ad9339cd0903c9ade9886be,89513
docs/requirements/pr-programs/SALES/PR-SALES-01/PR-SALES-01-S08.md,a21c4cdcd97318f247eb46d291e25e16c37fe0943ba879656648f5048cb1196d,89903
docs/requirements/pr-programs/SALES/PR-SALES-01/PR-SALES-01-S09.md,d0d9bcf04a30ab9870195d06136cf8d78821343f00be36dc594e8eb36f5485f2,89443
docs/requirements/pr-programs/SALES/PR-SALES-01/PR-SALES-01-S10.md,2df4fccc574db3337b706d37470ab439ad6fd40b076679227c97f0fbe88f5f1b,90253
docs/requirements/pr-programs/SALES/PR-SALES-02/00_CONTROLLER.md,fbb679e8e242837e44a77c9bc5a09dcd657f0f2c261b555f2a3f7cab28fc88b5,2474
docs/requirements/pr-programs/SALES/PR-SALES-02/PR-SALES-02-S01.md,c79d3cce1451c9f5c287d0f72f6f0dd256d83561ab617f54fbfc7dc960ddc30d,87855
docs/requirements/pr-programs/SALES/PR-SALES-02/PR-SALES-02-S02.md,27ecab7e461d03b4e66aa0e6ecef13a2954a4035fa4c46e155ec6791d74900bd,87815
docs/requirements/pr-programs/SALES/PR-SALES-02/PR-SALES-02-S03.md,73aa07e49fe8d65e31e03239e8a28f96b0ab0d525df122d1ebcb7186080d78d7,88475
docs/requirements/pr-programs/SALES/PR-SALES-02/PR-SALES-02-S04.md,5dbefef1c412d2175354ea1b1fc464fe83e1a59e96a3c7ca2b692bd05da79949,88805
docs/requirements/pr-programs/SALES/PR-SALES-02/PR-SALES-02-S05.md,20b618124714b3a35006732113cd8067d959c95db4208830c9a4bb4bc7eb1ebf,88615
docs/requirements/pr-programs/SALES/PR-SALES-02/PR-SALES-02-S06.md,dc066c8196a4168b613d516ba11282e503b9250a72f2b2b0ab8f9f8cfb5b952f,87355
docs/requirements/pr-programs/SALES/PR-SALES-02/PR-SALES-02-S07.md,27a6674b67366f9b3fec2e62013aa673682a01fbe052c6d41845d981961fb92c,88755
docs/requirements/pr-programs/SALES/PR-SALES-02/PR-SALES-02-S08.md,060bab23fd1578ff44fe94944899ff6448782af751a76613038bf20cae9a7310,89145
docs/requirements/pr-programs/SALES/PR-SALES-02/PR-SALES-02-S09.md,568dce756c3fb19d3849695e2871f0a4c193bc9b2a15f4739532571af52070f3,88685
docs/requirements/pr-programs/SALES/PR-SALES-02/PR-SALES-02-S10.md,3e7188265f60a6deb0f59435637794ae7eb210eb565deff4275704c687109bc3,89495
docs/requirements/pr-programs/SALES/PR-SALES-03/00_CONTROLLER.md,b6e8aced2b42aad06a7f0605ed270ad335a859717a0cebdfea161e09b6af0271,2498
docs/requirements/pr-programs/SALES/PR-SALES-03/PR-SALES-03-S01.md,590330eb73d5724c52d1df778e7a3a76bf54baea396da40e6091f0c85b99b24f,88729
docs/requirements/pr-programs/SALES/PR-SALES-03/PR-SALES-03-S02.md,a6bd945263ac814d1f2156482b51f0e8ee9c089855de03b5624ea8437bc6503d,88689
docs/requirements/pr-programs/SALES/PR-SALES-03/PR-SALES-03-S03.md,e0c153ee8fe56aa86ed7fc0751280052a4341af8d46737a3f616385507fd5ef1,89349
docs/requirements/pr-programs/SALES/PR-SALES-03/PR-SALES-03-S04.md,3c221c454d1d848b93471933057027b09ec83866e69f8e4ebf84f52ef313d1e2,89679
docs/requirements/pr-programs/SALES/PR-SALES-03/PR-SALES-03-S05.md,33ced69cfd3dbd0d48bebad132de26456e2045b4b041daf3b0d2dc7680544b87,89489
docs/requirements/pr-programs/SALES/PR-SALES-03/PR-SALES-03-S06.md,a96371b0d8fa5f4d23c7e8d3425db798f9132bfc89e4aee7697dd43d0af024ef,88229
docs/requirements/pr-programs/SALES/PR-SALES-03/PR-SALES-03-S07.md,949743b39529ad59c5ff99fe3f13c36e8a7f5851534ed1b38cb345321703892c,89629
docs/requirements/pr-programs/SALES/PR-SALES-03/PR-SALES-03-S08.md,e89526459305fbc9241ec79ba14562e08bbedaa7139879ef17facd4470082460,90019
docs/requirements/pr-programs/SALES/PR-SALES-03/PR-SALES-03-S09.md,b970e927a2558b5ab05a05b40732c617a39a32a0e4682f6bfc3ae91cbac09429,89559
docs/requirements/pr-programs/SALES/PR-SALES-03/PR-SALES-03-S10.md,6212aafeab002b35e2d97c535559c2214926b963c6f1541c5bc9c07082d1a6c4,90369
docs/requirements/pr-programs/SALES/PR-SALES-04/00_CONTROLLER.md,9c2ef1452fe6a56610203b9695de363cf334538c4ce955bd909b845f90d4a950,2502
docs/requirements/pr-programs/SALES/PR-SALES-04/PR-SALES-04-S01.md,ca28ee715f5b615513cffb81d4be81fcbf05f017e34dfaef32bfc326fc5b49dc,89183
docs/requirements/pr-programs/SALES/PR-SALES-04/PR-SALES-04-S02.md,e16a0c496fbf5e6802c71d36a5f3e4d4f3fd366b459ed29726931f556c79a5f5,89143
docs/requirements/pr-programs/SALES/PR-SALES-04/PR-SALES-04-S03.md,88a0b819f8cfe1224b5958fa04246a245c8698d272dede91c6408b83763f667b,89803
docs/requirements/pr-programs/SALES/PR-SALES-04/PR-SALES-04-S04.md,65824b3643a687aae7c3068527bc0ad43b1d306b5b10a0e11e4acd9bee37a9e7,90133
docs/requirements/pr-programs/SALES/PR-SALES-04/PR-SALES-04-S05.md,4cd992c9a85a8aa9d3e891578bb97d44da64c2745f022ad7da86c74aaaf66393,89943
docs/requirements/pr-programs/SALES/PR-SALES-04/PR-SALES-04-S06.md,f71cdeb867648882db8f5ee52a4416c8ceeb10c9c68b3ed677f33a49e1aea4fa,88683
docs/requirements/pr-programs/SALES/PR-SALES-04/PR-SALES-04-S07.md,262456884fcfa310b3f94ba7eedc781570b3d25e32fbe072195441089d42845c,90083
docs/requirements/pr-programs/SALES/PR-SALES-04/PR-SALES-04-S08.md,aaf0383b05db72ecd9e47b102f63707948977b1c4a496b4cc4fe4ef35e9a17af,90473
docs/requirements/pr-programs/SALES/PR-SALES-04/PR-SALES-04-S09.md,d5ac9afaaffb3f2dc1d8a6afd4d9b01888683f50f2962ae049ea9cd5f563a542,90013
docs/requirements/pr-programs/SALES/PR-SALES-04/PR-SALES-04-S10.md,75c35aa029b3329f9e365ff865137a6eaf9393e16e918abff21e8b127ddf5cf3,90823
docs/requirements/pr-programs/SALES/PR-SALES-05/00_CONTROLLER.md,62360c8dc319000e9ffc377475eda88711e26c150e2278353d510670f67d6375,2493
docs/requirements/pr-programs/SALES/PR-SALES-05/PR-SALES-05-S01.md,b643a0a7b3e6c8736b423d9fa92cb97052ab1fdd1dfc18fc021e5baa6dfb7f0b,88774
docs/requirements/pr-programs/SALES/PR-SALES-05/PR-SALES-05-S02.md,6f8012c05779416e67f01e52390bc3c0db57415a5fd91c513ed72b7c067d9782,88734
docs/requirements/pr-programs/SALES/PR-SALES-05/PR-SALES-05-S03.md,4d2f870f2d9c8d72afcafc99f9266a52db7af25b615015f0f4ecba4696c0b816,89394
docs/requirements/pr-programs/SALES/PR-SALES-05/PR-SALES-05-S04.md,c590ea636b5ba6520f1fa8ecedfb8b50808803b6be23afe4426e13b843d1c18a,89724
docs/requirements/pr-programs/SALES/PR-SALES-05/PR-SALES-05-S05.md,c4dc9e0e565c594087be14e7f13a154fc20f8edc4ec3b412090e57028fd987b0,89534
docs/requirements/pr-programs/SALES/PR-SALES-05/PR-SALES-05-S06.md,138dbed9234f12115c44355407ccb6403ba00e8b8bb8d01efd05b23dfbe256f4,88274
docs/requirements/pr-programs/SALES/PR-SALES-05/PR-SALES-05-S07.md,8b01d0bfa6ab80539b73bb6da7ba14b1d1f57103f0b3e52a650c54ac816f7da9,89674
docs/requirements/pr-programs/SALES/PR-SALES-05/PR-SALES-05-S08.md,e5c46ca0a3843ca9e113a7bfd4de952bb46f0bce64b3f3e6fb54e0294c81d7d5,90064
docs/requirements/pr-programs/SALES/PR-SALES-05/PR-SALES-05-S09.md,7720e590d33d78df242c21e651ce7faf8c4068caa907bd2939bbb1e41d088b41,89604
docs/requirements/pr-programs/SALES/PR-SALES-05/PR-SALES-05-S10.md,61a36a44cfc5178a7a7854d3209d5011b775ea2e54a55e8f526714752e2a628a,90414
docs/requirements/pr-programs/TREASURY/PR-TREASURY-01/00_CONTROLLER.md,2fc45a40a5d753a7fe788958c45bdb2d712b6b0561be0066e4d4945fe3df4b8d,2701
docs/requirements/pr-programs/TREASURY/PR-TREASURY-01/PR-TREASURY-01-S01.md,b514241f445892d68193b52f3d1c9094734ff29744af3b2275c7e161498eb581,90114
docs/requirements/pr-programs/TREASURY/PR-TREASURY-01/PR-TREASURY-01-S02.md,0434e1c90511acbf9ac2f76aae4a9ac2afd33e2d31cc4b03ef6eb0641aef089b,90074
docs/requirements/pr-programs/TREASURY/PR-TREASURY-01/PR-TREASURY-01-S03.md,91f75656616350d90d67360dbf36c9e67787b97a6c725358e5892aa9b85f3475,90734
docs/requirements/pr-programs/TREASURY/PR-TREASURY-01/PR-TREASURY-01-S04.md,8b866c54870a21434f5581f4d4399b0adc42ba0eccc3c6dbf992e5d5bc9e9b80,91064
docs/requirements/pr-programs/TREASURY/PR-TREASURY-01/PR-TREASURY-01-S05.md,de1ec9a432a69d5014803383911f557678a76557f04ce51bbd2c3c2f119b8258,90874
docs/requirements/pr-programs/TREASURY/PR-TREASURY-01/PR-TREASURY-01-S06.md,3d4f81e8bf97429cce3fb36756139ea503f3f4ad2d11fb7055c51ccb55870427,89614
docs/requirements/pr-programs/TREASURY/PR-TREASURY-01/PR-TREASURY-01-S07.md,1c9bf684169bf5ea4ae15257f6f0061a194b058693deab71309e99358454d0ce,91014
docs/requirements/pr-programs/TREASURY/PR-TREASURY-01/PR-TREASURY-01-S08.md,71b63061494526b6e221c6618080575936c4e09356d120ac3f4f7858034f705d,91404
docs/requirements/pr-programs/TREASURY/PR-TREASURY-01/PR-TREASURY-01-S09.md,7aa4a62ef211f93bb980e7447542c13ffe1f62fb5d3b383acd575464c871ab35,90944
docs/requirements/pr-programs/TREASURY/PR-TREASURY-01/PR-TREASURY-01-S10.md,9655a7f1e53e31cb6196d99b347ce2aa516c93c67104be71e78a93f93c357958,91754
docs/requirements/pr-programs/TREASURY/PR-TREASURY-02/00_CONTROLLER.md,7b14fbf9d91b623d33095ec61c2d7f8734c5057f7f216a6e85fbae9b202bb06e,2692
docs/requirements/pr-programs/TREASURY/PR-TREASURY-02/PR-TREASURY-02-S01.md,895ec5e957f528c7ba7feaec6525415a9b25d43a723aca1d909b5a19d6a7d6a5,89955
docs/requirements/pr-programs/TREASURY/PR-TREASURY-02/PR-TREASURY-02-S02.md,9f1163fd6fdd08a3340de8e7f246bb89fa95e98bb90756ea0eb0c355e2937adb,89915
docs/requirements/pr-programs/TREASURY/PR-TREASURY-02/PR-TREASURY-02-S03.md,e2d8d3d4943896c080e70dd40e6794657d729cdb626b8ea0095738a1b7173d50,90575
docs/requirements/pr-programs/TREASURY/PR-TREASURY-02/PR-TREASURY-02-S04.md,078a59f658464a34f331dc8c929699568695a585b2025cf0f40c841a6b439d98,90905
docs/requirements/pr-programs/TREASURY/PR-TREASURY-02/PR-TREASURY-02-S05.md,99348395256e96a546d381dc0144828f96f8a4a9901eaedbb11d64c6732e590a,90715
docs/requirements/pr-programs/TREASURY/PR-TREASURY-02/PR-TREASURY-02-S06.md,15cd044a706f8fb731dde13ce8be329929bf4a6efbb7fe56af4bca5c5116fa56,89455
docs/requirements/pr-programs/TREASURY/PR-TREASURY-02/PR-TREASURY-02-S07.md,44cf18d2ccc91c5fc9c6a4994b3f293ee2aea2b1380aa5acc595ffad1321ce52,90855
docs/requirements/pr-programs/TREASURY/PR-TREASURY-02/PR-TREASURY-02-S08.md,fd2d9c4d2a2b25ad9689966a5217170b69338510b4f304426ed34975f47226dc,91245
docs/requirements/pr-programs/TREASURY/PR-TREASURY-02/PR-TREASURY-02-S09.md,fb347c3d72bc470c684ccfabaeb6112ed44ce95f12a0bfd524b4aa2f0433e297,90785
docs/requirements/pr-programs/TREASURY/PR-TREASURY-02/PR-TREASURY-02-S10.md,c3639914a91a59f967d0f04318e82c429787d078a6935e05d90827fc1cabfe19,91595
docs/requirements/pr-programs/TREASURY/PR-TREASURY-03/00_CONTROLLER.md,e3d15627a73faa5f69afd803a49f51fab391fb936b42822e3e1c115a7c8e9a24,2694
docs/requirements/pr-programs/TREASURY/PR-TREASURY-03/PR-TREASURY-03-S01.md,91f29dfde819b8bc628b0cec48740792b20efd661b2600191c553b0aae93bf59,89657
docs/requirements/pr-programs/TREASURY/PR-TREASURY-03/PR-TREASURY-03-S02.md,1bacb3ff9816a38baba52530516b7e18b82cb7dd6f9a6fef104740df74bbb938,89617
docs/requirements/pr-programs/TREASURY/PR-TREASURY-03/PR-TREASURY-03-S03.md,42981b826660ca5c1adc8f3b083fcf39af55507f988365329675abe3efcb8eeb,90277
docs/requirements/pr-programs/TREASURY/PR-TREASURY-03/PR-TREASURY-03-S04.md,cdcb92807a1a31c19f3c46b191b1b2f15dda83b3c04b492a974c720df8bb6bb4,90607
docs/requirements/pr-programs/TREASURY/PR-TREASURY-03/PR-TREASURY-03-S05.md,0fc32fa1db6c055569b767f396647046cdc8423b47c76f68b9cf413d592e7c71,90417
docs/requirements/pr-programs/TREASURY/PR-TREASURY-03/PR-TREASURY-03-S06.md,97e16349512fba64c957c6003648864b8a3f329d124b19cfc54a1bf890be8984,89157
docs/requirements/pr-programs/TREASURY/PR-TREASURY-03/PR-TREASURY-03-S07.md,f2653e33f02a8a9e4132c1930dbe87b37c2e91e6238171d3b57e52a32c337635,90557
docs/requirements/pr-programs/TREASURY/PR-TREASURY-03/PR-TREASURY-03-S08.md,64883c8bd26599cbfa21aaeb1628d165680be08c39eaf3d967f58430b59e9dbe,90947
docs/requirements/pr-programs/TREASURY/PR-TREASURY-03/PR-TREASURY-03-S09.md,beddfafef944087c6f33f0452b38e42105bf0d56c9073859a284fe8a99038560,90487
docs/requirements/pr-programs/TREASURY/PR-TREASURY-03/PR-TREASURY-03-S10.md,ba32e3fcc2ac7b4c167dc7b006f07981b4a693c89f903e94991e4736f2a116e5,91297
docs/requirements/pr-programs/TREASURY/PR-TREASURY-04/00_CONTROLLER.md,1b954e71a303ef3e31c1b83f1a693c09758efae785d0054fb4dae6f646e9438b,2687
docs/requirements/pr-programs/TREASURY/PR-TREASURY-04/PR-TREASURY-04-S01.md,869df7d568f5eabb2ad6a6391018ae9f4cdc9dbee5f5e07cda1e66d1514886fa,90050
docs/requirements/pr-programs/TREASURY/PR-TREASURY-04/PR-TREASURY-04-S02.md,688c705752b3fb66dce2a2070ed27b900e9d5372a862e7fb7a97a087ed71fb82,90010
docs/requirements/pr-programs/TREASURY/PR-TREASURY-04/PR-TREASURY-04-S03.md,75337d5614d348148fcf148764315cf2cc082f5cd3a163c667a5f3fa3b3a57b9,90670
docs/requirements/pr-programs/TREASURY/PR-TREASURY-04/PR-TREASURY-04-S04.md,44024c37e8a9b8b476790b76ee37ad4603ea7338b0a4b0afbcb52e6ca2bf2e61,91000
docs/requirements/pr-programs/TREASURY/PR-TREASURY-04/PR-TREASURY-04-S05.md,bf5e9b7955670c0aebf40f847a66d5b8d25c09141ef1238c12146e4148cf7593,90810
docs/requirements/pr-programs/TREASURY/PR-TREASURY-04/PR-TREASURY-04-S06.md,65a1b3cdb00965eb448c36ea69d93a27afca2d79685a46d7c8cf6719bb97a417,89550
docs/requirements/pr-programs/TREASURY/PR-TREASURY-04/PR-TREASURY-04-S07.md,ebb7dfc4c3760119bd22515629527fe80a311498169d12f10a445a6dd18ac9b6,90950
docs/requirements/pr-programs/TREASURY/PR-TREASURY-04/PR-TREASURY-04-S08.md,f8fa5137266e4a7882619abb8739d704e4bf8aabf49ed23c64e3c3fa885a6036,91340
docs/requirements/pr-programs/TREASURY/PR-TREASURY-04/PR-TREASURY-04-S09.md,e00bbbf5c065b7e59193a258df0390f19c6c30ef5b5d4003212027db5966972d,90880
docs/requirements/pr-programs/TREASURY/PR-TREASURY-04/PR-TREASURY-04-S10.md,8cbf7bde41cf2586bb4da887b8c944b63d8368f51bee00639d6da06f0613d979,91690
docs/requirements/pr-programs/TREASURY/PR-TREASURY-05/00_CONTROLLER.md,37ae831c51fd97d6deb082ac81e89901ae52a3239560032854e190bdca2b9234,2693
docs/requirements/pr-programs/TREASURY/PR-TREASURY-05/PR-TREASURY-05-S01.md,834da8e700784b9796af1c3f44f604fb7b503545c103624d1f9f03db28360329,90306
docs/requirements/pr-programs/TREASURY/PR-TREASURY-05/PR-TREASURY-05-S02.md,5264901df8d3e8cc47c5d42213c456ca729a257bccdb112f0e03c69dc7bd1bac,90266
docs/requirements/pr-programs/TREASURY/PR-TREASURY-05/PR-TREASURY-05-S03.md,67e87e2f7d33bf37c3f458551b930fb9b1aac2d5d41d66fe29574058000b4c06,90926
docs/requirements/pr-programs/TREASURY/PR-TREASURY-05/PR-TREASURY-05-S04.md,b2d020fdbd6b072204dbb3b984eea66b9ad9fe0bfc3550cc5784abf69374ea00,91256
docs/requirements/pr-programs/TREASURY/PR-TREASURY-05/PR-TREASURY-05-S05.md,7c6e23d5dc90a10b62fa29124c6bda9443842fde10d0d6d2226b90c0c87fc245,91066
docs/requirements/pr-programs/TREASURY/PR-TREASURY-05/PR-TREASURY-05-S06.md,fe426f6bf0eb10eabec1a239c6cc25fea46f190d75efc2ec0cc12a3f2aca4485,89806
docs/requirements/pr-programs/TREASURY/PR-TREASURY-05/PR-TREASURY-05-S07.md,219a1558950c08738f5f2d7ca3ee5f79a078c33907e17eb2fd4796c40ef1ba1e,91206
docs/requirements/pr-programs/TREASURY/PR-TREASURY-05/PR-TREASURY-05-S08.md,be1f165d8f204fefdd71800f038965889113e96ac35102ff5250b28a9a089905,91596
docs/requirements/pr-programs/TREASURY/PR-TREASURY-05/PR-TREASURY-05-S09.md,9bf9478ec097a399a6cb64ff81a6abea792c42242d3d9787ad216813db2b43b7,91136
docs/requirements/pr-programs/TREASURY/PR-TREASURY-05/PR-TREASURY-05-S10.md,78920ac386c9768b6b6521faf020603e23050de631b34ba093977dbb3d44b0c1,91946
docs/traceability/README.md,e156d73fc92deae30fd171b2008e3f745c7e528c7002fe0726ef186cf904818c,136
package.json,bca6254d26c0cd9be2f82334bbed358ba337cf6bad0c6eb1ab0344d423176a29,334
packages/config/README.md,7aedbf505e016418ec774a142d4f607f1b4e01556ded0456f5d09d97f7ce7eec,119
packages/contracts/AGENTS.md,d4cf225c76eb2810dd652d6424e1c6d3e4f4e9a1ae583b9a12217e1a928bf101,14840
packages/contracts/README.md,bcade88c9adc9046349b877afb40178997ea845efa22efc1941fa16f96f9a49e,116
packages/db/AGENTS.md,fe1b3d3b74f79e574d7db1466672e58dbe29aeed46bd6f00e5266db365e81a3f,14828
packages/db/README.md,44f06162c82e7d0677c548909d66ba966a6be3f1d4ad7318409792af9456c411,112
packages/domain/AGENTS.md,87067e2f1be517d5406e75ebef8e7a8570e837720db92d5aeb5c4cd8828018b8,14813
packages/domain/README.md,54d18f21217aa693a8fdf43a89f3a5d5f94ffa021a1fd44db80ffd90dd54584c,115
packages/observability/AGENTS.md,e9b983868bc386883120dbb7954668864679460442b06e7df28e21db1d14cf35,14685
packages/observability/README.md,d9c49278eeaa9b3042c903b30537367dbd172b2ebd3ca832d62b1c4ef2d8eb20,118
packages/testing/AGENTS.md,d519a69a2e040690ff736baa4b091b63c5e55e031e3f5df6da44dca88367dcd4,14697
packages/testing/README.md,22bdc74013c46bb7638934503ac4e72a098a92c9bfc5a1d059f35257d11a7454,113
packages/ui/AGENTS.md,367c7ed56116a9100e635aef16aebd1b7d2c1064c2d31066f73054c28884390d,14731
packages/ui/README.md,4af63d6e8a6dcefdb2d9ab322598dd7f677f0b9f3444f4ed19438fe62b56fec5,101
pnpm-workspace.yaml,08d75840c97ab0e72d1d9b5b84a17e47a2e06cb159a5fbec5ee0a6a56682dad7,40
prompts/00_BOOTSTRAP_PLAN.md,3764e0c5347ebe397caa92d7e9f7ef33d3d904a8f4db29e258906a9e20f93145,769
prompts/01_PLAN_SLICE.md,5516de142472faa22c1d14e26f18ceec1d4b352f3c788d28abd4c6ba7e63e1b6,762
prompts/02_IMPLEMENT_SLICE.md,e2e4dd8a3bf26b2d66784209fab23e6b42b0da2d73e90d72ab0d783943768768,575
prompts/03_REVIEW_SLICE.md,8ddf036995332f11bdb790c42ea8ea54f0af3bab96fa970ca3c82757bf7f3708,601
prompts/04_FIX_REVIEW.md,641615003b042effe96321facb7e6964f7f329b453f78dc323b36004c1e733fb,380
prompts/05_PR_DESCRIPTION.md,c1655edc93c29b06b6c320ba2e190d8e2e8374ca5c4acb56f5e8027a7c949994,406
prompts/06_MULTI_AGENT_PLAN.md,a9887321a9b8a12b4cb2a6827cde195ab1dbeced07711acb74574966286670bf,530
prompts/07_MULTI_AGENT_IMPLEMENT.md,8fadf9372f2adbceddc9247bc37643a8db9cd34a52d9f63320476cd052db14bc,454
prompts/08_MULTI_AGENT_REVIEW.md,b6e84464667d409aa20d74a6e4be2c982b08f9d67e65ba755a1d77038a4fd8b4,453
scripts/AGENTS.md,c4ac42616c7c2ee32da3c3680969785650bf49e8402c72bfe6f600a1b2fa012a,15006
scripts/doctor.py,619807c91edb8af66651ec9fb6446de232a004f513eb24375708548de14de109,547
scripts/init-repository.sh,5220c16c707d4acbd988754fb92206966d68660dca75ae4c515b363e85215009,457
scripts/validate-agent-pack.py,7ebea35c0ab3d3f572f4dd789e76ee9a6c9ad2b396a298d84d3e971c5d4e4907,1519
scripts/validate-requirements.py,d6e028da4943205d52dee519198661e7fc837355e06a3e9e0a6224a60431d335,1072
tsconfig.base.json,e328fd70836b723f79523336c84a61991c853f10b3129e5b4473ed0f5cd1bba9,342
turbo.json,0c6ba67a51bf2e86ca9011e82f3281b52cd9a6fff8234f292ba5785f00a16267,323
